Name,Team,Season,Age,G,GS,IP,K/9,BB/9,K%,BB%,ERA,FIP,xFIP,BABIP,LOB%,HR/9
Tarik Skubal,DET,2025,28,31,31,195.1,11.1,1.52,0.322,0.044000000000000004,2.21,2.45,2.66,0.273,0.8059999999999999,0.83
Paul Skenes,PIT,2025,23,32,32,187.2,10.36,2.01,0.295,0.057,1.97,2.36,3.03,0.273,0.8240000000000001,0.53
Cristopher Sanchez,PHI,2025,28,32,32,202.0,9.45,1.96,0.263,0.055,2.5,2.55,2.77,0.298,0.7979999999999999,0.53
Garrett Crochet,BOS,2025,26,32,32,205.1,11.18,2.02,0.313,0.057,2.59,2.89,2.64,0.29,0.843,1.05
Logan Webb,SFG,2025,28,34,34,207.0,9.74,2.0,0.262,0.054000000000000006,3.22,2.6,2.78,0.346,0.743,0.61
Jesus Luzardo,PHI,2025,27,32,32,183.2,10.58,2.79,0.285,0.075,3.92,2.9,3.25,0.324,0.6940000000000001,0.78
Yoshinobu Yamamoto,LAD,2025,26,30,30,173.2,10.42,3.06,0.294,0.086,2.49,2.94,3.05,0.243,0.785,0.73
Max Fried,NYY,2025,31,32,32,195.1,8.71,2.35,0.23600000000000002,0.064,2.86,3.07,3.41,0.279,0.74,0.65
Hunter Brown,HOU,2025,26,31,31,185.1,10.0,2.77,0.28300000000000003,0.078,2.43,3.14,3.19,0.262,0.82,0.83
Kevin Gausman,TOR,2025,34,32,32,193.0,8.81,2.33,0.244,0.065,3.59,3.41,3.77,0.262,0.722,0.98
Framber Valdez,HOU,2025,31,31,31,192.0,8.77,3.19,0.233,0.085,3.66,3.37,3.34,0.297,0.7290000000000001,0.7
Ranger Suarez,PHI,2025,29,26,26,157.1,8.64,2.17,0.23199999999999998,0.057999999999999996,3.2,3.21,3.61,0.317,0.79,0.8
Zack Wheeler,PHI,2025,35,24,24,149.2,11.73,1.98,0.33299999999999996,0.055999999999999994,2.71,3.0,2.73,0.267,0.8240000000000001,1.14
Andrew Abbott,CIN,2025,26,29,29,166.1,8.06,2.33,0.218,0.063,2.87,3.66,4.31,0.274,0.8,1.03
Nick Pivetta,SDP,2025,32,31,31,181.2,9.41,2.48,0.264,0.069,2.87,3.49,3.85,0.235,0.787,1.09
Nathan Eovaldi,TEX,2025,35,22,22,130.0,8.93,1.45,0.26,0.042,1.73,2.8,3.03,0.243,0.865,0.69
Freddy Peralta,MIL,2025,29,33,33,176.2,10.39,3.36,0.282,0.091,2.7,3.64,3.85,0.243,0.855,1.07
Bryan Woo,SEA,2025,25,30,30,186.2,9.55,1.74,0.271,0.049,2.94,3.47,3.33,0.238,0.804,1.25
Sonny Gray,STL,2025,35,32,32,180.2,10.01,1.89,0.267,0.05,4.28,3.39,3.07,0.329,0.696,1.25
Michael Wacha,KCR,2025,33,31,31,172.2,6.57,2.35,0.17600000000000002,0.063,3.86,3.66,4.56,0.287,0.727,0.78
Chris Sale,ATL,2025,36,21,20,125.2,11.82,2.29,0.324,0.063,2.58,2.67,2.98,0.313,0.826,0.79
Matthew Boyd,CHC,2025,34,31,31,179.2,7.71,2.1,0.214,0.057999999999999996,3.21,3.65,4.22,0.273,0.762,0.95
Jacob deGrom,TEX,2025,37,30,30,172.2,9.64,1.93,0.27699999999999997,0.055,2.97,3.64,3.37,0.23,0.836,1.36
Dylan Cease,SDP,2025,29,32,32,168.0,11.52,3.8,0.298,0.098,4.55,3.56,3.56,0.32,0.69,1.13
Trevor Rogers,BAL,2025,27,18,18,109.2,8.45,2.38,0.243,0.069,1.81,2.82,3.64,0.226,0.8420000000000001,0.49
Kris Bubic,KCR,2025,27,20,20,116.1,8.97,3.02,0.244,0.08199999999999999,2.55,2.89,3.63,0.295,0.775,0.46
Carlos Rodon,NYY,2025,32,33,33,195.1,9.35,3.36,0.257,0.09300000000000001,3.09,3.78,3.89,0.228,0.764,1.01
Joe Ryan,MIN,2025,29,31,30,171.0,10.21,2.05,0.282,0.057,3.42,3.74,3.7,0.268,0.7859999999999999,1.37
Merrill Kelly,- - -,2025,36,32,32,184.0,8.17,2.35,0.223,0.064,3.52,3.76,3.81,0.264,0.732,1.13
David Peterson,NYM,2025,29,30,30,168.2,8.0,3.47,0.207,0.09,4.22,3.48,3.72,0.316,0.6920000000000001,0.59
Jose Soriano,LAA,2025,26,31,31,169.0,8.09,4.15,0.21,0.10800000000000001,4.26,3.73,3.54,0.306,0.6779999999999999,0.64
Brady Singer,CIN,2025,28,32,32,169.2,8.65,3.18,0.228,0.084,4.03,3.98,4.25,0.285,0.7290000000000001,1.01
Hunter Greene,CIN,2025,25,19,19,107.2,11.03,2.17,0.314,0.062,2.76,3.27,3.27,0.245,0.8290000000000001,1.25
MacKenzie Gore,WSN,2025,26,30,30,159.2,10.43,3.61,0.272,0.094,4.17,3.74,3.78,0.325,0.7559999999999999,1.13
Nick Lodolo,CIN,2025,27,29,28,156.2,8.96,1.78,0.243,0.048,3.33,3.81,3.66,0.276,0.807,1.26
Cade Smith,CLE,2025,26,76,0,73.2,12.71,2.32,0.34700000000000003,0.063,2.93,1.95,2.65,0.302,0.649,0.49
Luis Castillo,SEA,2025,32,32,32,180.2,8.07,2.29,0.217,0.062,3.54,3.88,4.09,0.286,0.768,1.15
Dean Kremer,BAL,2025,29,31,29,171.2,7.44,2.36,0.201,0.064,4.19,3.97,4.24,0.284,0.7090000000000001,1.15
Logan Gilbert,SEA,2025,28,25,25,131.0,11.89,2.13,0.32299999999999995,0.057999999999999996,3.44,3.35,2.95,0.276,0.7809999999999999,1.37
Aroldis Chapman,BOS,2025,37,67,0,61.1,12.47,2.2,0.373,0.066,1.17,1.73,2.53,0.2,0.8759999999999999,0.44
Chad Patrick,MIL,2025,26,27,23,119.2,9.55,3.01,0.252,0.08,3.53,3.53,3.98,0.313,0.778,0.98
Clayton Kershaw,LAD,2025,37,23,22,112.2,6.71,2.8,0.18100000000000002,0.076,3.36,3.55,4.18,0.281,0.728,0.64
Drew Rasmussen,TBR,2025,29,31,31,150.0,7.62,2.22,0.217,0.063,2.76,3.84,3.72,0.246,0.836,1.08
Luis Severino,ATH,2025,31,29,29,162.2,6.86,2.77,0.17600000000000002,0.071,4.54,4.11,4.63,0.293,0.657,0.89
Jack Flaherty,DET,2025,29,31,31,161.0,10.51,3.3,0.276,0.087,4.64,3.85,3.69,0.305,0.705,1.29
Yusei Kikuchi,LAA,2025,34,33,33,178.1,8.78,3.73,0.225,0.096,3.99,4.23,4.28,0.314,0.7609999999999999,1.21
Janson Junk,MIA,2025,29,21,16,110.0,6.3,1.06,0.172,0.028999999999999998,4.17,3.14,4.06,0.301,0.637,0.65
Mitch Keller,PIT,2025,29,32,32,176.1,7.66,2.6,0.2,0.068,4.19,4.02,4.17,0.29,0.696,1.07
Kyle Freeland,COL,2025,32,31,31,162.2,6.86,2.1,0.175,0.054000000000000006,4.98,4.18,4.29,0.329,0.64,1.22
Casey Mize,DET,2025,28,28,28,149.0,8.4,2.17,0.222,0.057,3.87,3.89,3.97,0.308,0.763,1.27
Chris Bassitt,TOR,2025,36,32,31,170.1,8.77,2.75,0.226,0.071,3.96,4.01,3.84,0.315,0.764,1.16
George Kirby,SEA,2025,27,23,23,126.0,9.79,2.07,0.261,0.055,4.21,3.37,3.25,0.315,0.713,1.07
Spencer Schwellenbach,ATL,2025,25,17,17,110.2,8.78,1.46,0.249,0.040999999999999995,3.09,3.25,3.01,0.259,0.716,1.06
Jack Leiter,TEX,2025,25,29,29,151.2,8.78,3.98,0.22899999999999998,0.10400000000000001,3.86,4.15,4.53,0.267,0.748,1.07
Adrian Houser,- - -,2025,32,21,21,125.0,6.62,2.74,0.17800000000000002,0.073,3.31,3.81,4.3,0.303,0.773,0.72
Adrian Morejon,SDP,2025,26,75,0,73.2,8.55,2.08,0.245,0.059000000000000004,2.08,2.28,3.08,0.239,0.68,0.24
Cade Horton,CHC,2025,23,23,22,118.0,7.4,2.52,0.204,0.069,2.67,3.58,4.27,0.258,0.7829999999999999,0.76
Robbie Ray,SFG,2025,33,32,32,182.1,9.18,3.6,0.24600000000000002,0.09699999999999999,3.65,3.93,4.29,0.268,0.742,1.09
Garrett Whitlock,BOS,2025,29,62,0,72.0,11.38,3.0,0.311,0.08199999999999999,2.25,2.18,3.1,0.304,0.773,0.25
Shane Smith,CHW,2025,25,29,29,146.1,8.92,3.57,0.235,0.094,3.81,4.1,4.23,0.26,0.7170000000000001,1.05
Justin Verlander,SFG,2025,42,29,29,152.0,8.11,3.08,0.207,0.079,3.85,3.85,4.57,0.308,0.7290000000000001,0.95
Bryan Abreu,HOU,2025,28,70,0,71.0,13.31,3.93,0.355,0.105,2.28,2.39,2.98,0.309,0.846,0.51
Nick Martinez,CIN,2025,34,40,26,165.2,6.3,2.28,0.17,0.061,4.45,4.33,4.54,0.274,0.685,1.2
Will Warren,NYY,2025,26,33,33,162.1,9.48,3.6,0.24100000000000002,0.091,4.44,4.07,3.91,0.303,0.698,1.22
Jhoan Duran,- - -,2025,27,72,0,70.0,10.29,2.44,0.27899999999999997,0.066,2.06,2.35,2.59,0.302,0.805,0.39
Emmet Sheehan,LAD,2025,25,15,12,73.1,10.92,2.7,0.306,0.076,2.82,2.93,3.37,0.246,0.696,0.86
Cole Ragans,KCR,2025,27,13,13,61.2,14.3,2.92,0.381,0.078,4.67,2.5,2.45,0.354,0.644,1.02
Ryan Pepiot,TBR,2025,27,31,31,167.2,8.96,3.27,0.24600000000000002,0.09,3.86,4.36,4.07,0.258,0.753,1.4
Lucas Giolito,BOS,2025,30,26,26,145.0,7.51,3.48,0.19699999999999998,0.091,3.41,4.17,4.59,0.273,0.767,1.06
Shane Baz,TBR,2025,26,31,31,166.1,9.52,3.46,0.248,0.09,4.87,4.37,3.88,0.303,0.7190000000000001,1.41
Edward Cabrera,MIA,2025,27,26,26,137.2,9.81,3.14,0.258,0.083,3.53,3.83,3.62,0.292,0.767,1.11
Ryne Nelson,ARI,2025,27,33,23,154.0,7.71,2.4,0.213,0.066,3.39,3.73,4.05,0.252,0.737,0.99
Edwin Diaz,NYM,2025,31,62,0,66.1,13.3,2.85,0.38,0.081,1.63,2.28,2.49,0.26,0.861,0.54
David Bednar,- - -,2025,30,64,0,62.2,12.35,2.73,0.34299999999999997,0.076,2.3,2.18,2.7,0.298,0.795,0.57
Mason Miller,- - -,2025,26,60,0,61.2,15.18,4.09,0.444,0.12,2.63,2.23,2.27,0.24,0.76,0.73
Quinn Priester,MIL,2025,24,29,24,157.1,7.55,2.86,0.20199999999999999,0.077,3.32,4.01,3.81,0.284,0.7909999999999999,1.03
Clay Holmes,NYM,2025,32,33,31,165.2,7.01,3.59,0.182,0.09300000000000001,3.53,4.11,4.25,0.28,0.74,0.76
Tanner Bibee,CLE,2025,26,31,31,182.1,8.0,2.67,0.213,0.071,4.24,4.34,4.17,0.281,0.7190000000000001,1.33
Brayan Bello,BOS,2025,26,29,28,166.2,6.7,3.19,0.177,0.084,3.35,4.19,4.39,0.268,0.753,0.86
Colin Rea,CHC,2025,34,32,27,159.1,7.17,2.49,0.192,0.066,3.95,4.11,4.31,0.29,0.746,1.13
Eury Perez,MIA,2025,22,20,20,95.1,9.91,3.02,0.273,0.083,4.25,3.67,4.07,0.24,0.65,1.13
Patrick Corbin,TEX,2025,35,31,30,155.1,7.59,2.95,0.198,0.077,4.4,4.25,4.21,0.306,0.733,1.22
Tyler Mahle,TEX,2025,30,16,16,86.2,6.85,3.01,0.191,0.084,2.18,3.37,4.43,0.26,0.846,0.52
Blake Snell,LAD,2025,32,11,11,61.1,10.57,3.82,0.28300000000000003,0.102,2.35,2.69,3.09,0.314,0.769,0.44
Robert Suarez,SDP,2025,34,70,0,69.2,9.69,2.07,0.27899999999999997,0.059000000000000004,2.97,2.88,3.33,0.241,0.7240000000000001,0.78
Andres Munoz,SEA,2025,26,64,0,62.1,11.98,4.04,0.327,0.11,1.73,2.43,3.05,0.248,0.767,0.29
Shohei Ohtani,LAD,2025,30,14,14,47.0,11.87,1.72,0.33,0.048,2.87,1.9,2.45,0.325,0.759,0.57
Noah Cameron,KCR,2025,25,24,24,138.1,7.42,2.8,0.205,0.077,2.99,4.18,4.1,0.241,0.84,1.17
Matthew Liberatore,STL,2025,25,29,29,151.2,7.24,2.37,0.188,0.062,4.21,4.03,4.31,0.3,0.701,1.13
Kyle Hendricks,LAA,2025,35,31,31,164.2,6.23,2.35,0.16399999999999998,0.062,4.76,4.6,4.73,0.28,0.6829999999999999,1.37
Brandon Woodruff,MIL,2025,32,12,12,64.2,11.55,1.95,0.32299999999999995,0.054000000000000006,3.2,3.17,3.24,0.243,0.7290000000000001,1.25
Will Vest,DET,2025,30,64,0,68.2,9.83,2.88,0.264,0.077,3.01,2.71,3.03,0.313,0.74,0.52
Taj Bradley,- - -,2025,24,27,27,142.2,8.01,3.53,0.21,0.09300000000000001,5.05,4.35,4.37,0.281,0.627,1.2
Pablo Lopez,MIN,2025,29,14,14,75.2,8.68,2.38,0.23399999999999999,0.064,2.74,3.19,3.87,0.278,0.754,0.71
Brandon Pfaadt,ARI,2025,26,33,33,176.2,7.49,1.88,0.192,0.048,5.25,4.22,4.01,0.316,0.665,1.32
Jeffrey Springs,ATH,2025,32,32,30,171.0,7.26,2.84,0.19399999999999998,0.076,4.11,4.65,4.64,0.255,0.703,1.47
Sandy Alcantara,MIA,2025,29,31,31,174.2,7.32,2.94,0.191,0.077,5.36,4.28,4.19,0.278,0.619,1.13
Logan Allen,CLE,2025,26,30,29,156.2,7.01,3.56,0.18,0.092,4.25,4.37,4.72,0.297,0.706,1.03
Stephen Kolek,- - -,2025,28,19,19,112.2,6.15,2.48,0.16699999999999998,0.067,3.51,3.82,4.16,0.264,0.705,0.72
Gabe Speier,SEA,2025,30,76,0,62.0,11.9,1.6,0.337,0.045,2.61,2.31,2.83,0.271,0.769,0.73
Abner Uribe,MIL,2025,25,75,0,75.1,10.75,3.23,0.302,0.091,1.67,2.75,2.96,0.275,0.8420000000000001,0.48
Jack Dreyer,LAD,2025,26,67,5,76.1,8.72,2.83,0.24100000000000002,0.078,2.95,2.82,4.0,0.254,0.726,0.47
Sean Newcomb,- - -,2025,32,48,5,92.1,8.87,3.02,0.233,0.079,2.73,3.04,3.69,0.344,0.764,0.49
Grant Taylor,CHW,2025,23,36,2,36.2,13.25,3.68,0.344,0.096,4.91,1.42,2.34,0.42,0.615,0.0
Griffin Jax,- - -,2025,30,73,2,66.0,13.5,2.86,0.35,0.07400000000000001,4.23,2.51,2.19,0.368,0.696,0.95
Graham Ashcraft,CIN,2025,27,62,0,65.1,8.82,3.44,0.225,0.08800000000000001,3.99,2.72,3.29,0.342,0.621,0.28
Trevor Megill,MIL,2025,31,50,0,47.0,11.49,3.26,0.313,0.08900000000000001,2.49,2.5,3.08,0.295,0.758,0.57
Carmen Mlodzinski,PIT,2025,26,34,12,99.0,8.09,2.45,0.212,0.064,3.55,3.33,3.6,0.323,0.747,0.73
Braxton Ashcraft,PIT,2025,25,26,8,69.2,9.17,3.1,0.243,0.08199999999999999,2.71,2.78,3.54,0.313,0.79,0.39
Tyler Glasnow,LAD,2025,31,18,18,90.1,10.56,4.28,0.29,0.11699999999999999,3.19,3.76,3.72,0.225,0.784,1.0
Steven Okert,HOU,2025,33,68,1,71.2,10.55,2.39,0.304,0.069,3.01,2.76,3.69,0.236,0.7120000000000001,0.75
Zack Littell,- - -,2025,29,32,32,186.2,6.27,1.54,0.171,0.042,3.81,4.88,4.35,0.249,0.812,1.74
Joey Cantillo,CLE,2025,25,34,13,95.1,10.2,3.97,0.26899999999999996,0.105,3.21,3.55,3.66,0.282,0.764,0.94
Tylor Megill,NYM,2025,29,14,14,68.1,11.72,4.35,0.292,0.10800000000000001,3.95,3.43,3.73,0.318,0.688,0.79
Justin Wrobleski,LAD,2025,24,24,2,66.2,10.26,2.3,0.271,0.061,4.32,2.93,2.87,0.331,0.6659999999999999,0.81
Phil Maton,- - -,2025,32,63,0,61.1,11.89,3.38,0.327,0.09300000000000001,2.79,2.6,3.04,0.291,0.752,0.44
Matt Strahm,PHI,2025,33,66,0,62.1,10.11,2.89,0.273,0.078,2.74,2.99,4.22,0.264,0.758,0.72
Gavin Williams,CLE,2025,25,31,31,167.2,9.29,4.46,0.24600000000000002,0.11800000000000001,3.06,4.39,4.08,0.254,0.838,1.23
Eric Lauer,TOR,2025,30,28,15,104.2,8.77,2.24,0.239,0.061,3.18,3.85,4.15,0.267,0.8140000000000001,1.29
Kodai Senga,NYM,2025,32,22,22,113.1,8.66,4.37,0.226,0.114,3.02,4.12,4.35,0.271,0.799,0.95
Zebby Matthews,MIN,2025,25,16,16,79.1,9.98,2.72,0.249,0.068,5.56,3.79,3.81,0.357,0.672,1.36
Shawn Armstrong,TEX,2025,34,71,2,74.0,9.0,2.43,0.261,0.07,2.31,3.07,3.98,0.196,0.763,0.61
Kyle Leahy,STL,2025,28,62,1,88.0,8.18,2.86,0.22,0.077,3.07,3.04,3.76,0.301,0.755,0.51
Reese Olson,DET,2025,25,13,13,68.2,8.52,3.28,0.228,0.08800000000000001,3.15,3.5,4.03,0.286,0.79,0.66
Jose A. Ferrer,WSN,2025,25,72,0,76.1,8.37,1.89,0.21899999999999997,0.049,4.48,3.03,3.09,0.338,0.649,0.59
Devin Williams,NYY,2025,30,67,0,62.0,13.06,3.63,0.34700000000000003,0.09699999999999999,4.79,2.68,2.95,0.296,0.552,0.73
Randy Rodriguez,SFG,2025,25,50,0,50.2,11.9,1.95,0.33799999999999997,0.055999999999999994,1.78,2.4,2.9,0.268,0.853,0.71
Cade Povich,BAL,2025,25,22,20,112.1,9.45,3.45,0.242,0.08800000000000001,5.21,4.18,3.95,0.35,0.682,1.36
Chase Burns,CIN,2025,22,13,8,43.1,13.92,3.32,0.35600000000000004,0.085,4.57,2.65,2.68,0.36,0.64,1.04
Jose Berrios,TOR,2025,31,31,30,166.0,7.48,3.04,0.198,0.08,4.17,4.65,4.43,0.285,0.7340000000000001,1.41
Eduardo Rodriguez,ARI,2025,32,29,29,154.1,8.34,3.5,0.20600000000000002,0.086,5.02,4.57,4.44,0.329,0.711,1.46
Ronny Henriquez,MIA,2025,25,69,0,73.0,12.08,3.33,0.32299999999999995,0.08900000000000001,2.22,3.15,3.39,0.271,0.838,0.99
Davis Martin,CHW,2025,28,26,25,142.2,6.56,3.03,0.17300000000000001,0.08,4.1,4.64,4.57,0.274,0.716,1.26
Ben Casparius,LAD,2025,26,46,3,77.2,8.23,2.43,0.213,0.063,4.64,3.57,4.36,0.304,0.672,0.93
Tyler Alexander,- - -,2025,30,52,5,97.2,7.56,2.76,0.19399999999999998,0.071,4.98,3.64,4.38,0.327,0.609,0.83
Tyler Rogers,- - -,2025,34,81,0,77.1,5.59,0.81,0.161,0.023,1.98,2.88,3.08,0.259,0.789,0.47
Brad Keller,CHC,2025,29,68,1,69.2,9.69,2.84,0.272,0.08,2.07,2.93,3.32,0.243,0.816,0.52
Cameron Schlittler,NYY,2025,24,14,14,73.0,10.36,3.82,0.276,0.102,2.96,3.74,3.77,0.284,0.845,0.99
Brendon Little,TOR,2025,28,79,0,68.1,11.99,5.93,0.308,0.153,3.03,2.92,3.37,0.297,0.727,0.26
Clarke Schmidt,NYY,2025,29,14,14,78.2,8.35,3.43,0.231,0.095,3.32,3.95,4.44,0.232,0.78,1.03
Jacob Latz,TEX,2025,29,33,8,85.2,7.98,3.89,0.218,0.106,2.84,3.72,4.37,0.272,0.8109999999999999,0.74
Mike Burrows,PIT,2025,25,23,19,96.0,9.09,2.91,0.24100000000000002,0.077,3.94,4.0,3.86,0.293,0.7659999999999999,1.22
Jimmy Herget,COL,2025,31,59,0,83.1,8.75,2.81,0.233,0.075,2.48,3.32,4.28,0.291,0.8390000000000001,0.65
Jason Adam,SDP,2025,33,65,0,65.1,9.64,3.44,0.259,0.09300000000000001,1.93,3.07,3.98,0.274,0.8290000000000001,0.55
Simeon Woods Richardson,MIN,2025,24,23,22,111.1,8.65,3.72,0.22699999999999998,0.098,4.04,4.52,4.71,0.265,0.759,1.37
Jacob Lopez,ATH,2025,27,21,17,92.2,10.97,3.59,0.28300000000000003,0.09300000000000001,4.08,4.26,4.13,0.292,0.752,1.46
Michael Lorenzen,KCR,2025,33,27,26,141.2,8.07,2.48,0.21,0.064,4.64,4.59,4.23,0.303,0.742,1.59
Hurston Waldrep,ATL,2025,23,10,9,56.1,8.79,3.51,0.24,0.096,2.88,3.21,3.66,0.288,0.79,0.48
Bailey Ober,MIN,2025,29,27,27,146.1,7.38,1.91,0.192,0.05,5.1,4.9,4.75,0.295,0.725,1.85
Nolan McLean,NYM,2025,23,8,8,48.0,10.69,3.0,0.303,0.085,2.06,2.97,2.78,0.275,0.841,0.75
Aaron Ashby,MIL,2025,27,43,1,66.2,10.26,3.24,0.281,0.08900000000000001,2.16,2.7,2.97,0.313,0.848,0.41
Reid Detmers,LAA,2025,25,61,0,63.2,11.31,3.53,0.301,0.094,3.96,3.12,3.08,0.34,0.731,0.85
Brad Lord,WSN,2025,25,48,19,130.2,7.44,2.96,0.198,0.079,4.34,4.23,3.95,0.291,0.722,1.17
Jacob Misiorowski,MIL,2025,23,15,14,66.0,11.86,4.23,0.319,0.114,4.36,3.62,3.66,0.299,0.691,1.09
Dennis Santana,PIT,2025,29,70,0,70.1,7.68,2.18,0.222,0.063,2.18,3.21,4.17,0.211,0.807,0.64
Louie Varland,- - -,2025,27,74,1,72.2,9.29,2.72,0.253,0.07400000000000001,2.97,3.14,3.1,0.309,0.769,0.74
Kyle Finnegan,- - -,2025,33,56,0,57.0,8.68,2.84,0.24,0.079,3.47,3.12,3.58,0.272,0.685,0.63
Trevor Williams,WSN,2025,33,17,17,82.2,7.08,2.29,0.174,0.055999999999999994,6.21,4.13,4.56,0.347,0.616,1.2
Zac Gallen,ARI,2025,29,33,33,192.0,8.2,3.09,0.215,0.081,4.83,4.5,4.12,0.27,0.6759999999999999,1.45
Jameson Taillon,CHC,2025,33,23,23,129.2,6.8,1.87,0.18899999999999997,0.052000000000000005,3.68,4.65,4.34,0.232,0.8029999999999999,1.67
Landen Roupp,SFG,2025,26,22,22,106.2,8.61,3.8,0.214,0.095,3.8,3.91,4.1,0.324,0.728,0.93
Josh Hader,HOU,2025,31,48,0,52.2,12.99,2.73,0.369,0.078,2.05,3.25,3.18,0.202,0.866,1.37
Bennett Sousa,HOU,2025,30,44,0,50.2,10.48,2.66,0.29600000000000004,0.075,2.84,2.72,3.31,0.273,0.733,0.71
Steven Matz,- - -,2025,34,53,2,76.2,6.93,1.29,0.191,0.036000000000000004,3.05,3.46,3.71,0.284,0.735,0.94
Emmanuel Clase,CLE,2025,27,48,0,47.1,8.94,2.28,0.23399999999999999,0.06,3.23,2.71,3.6,0.324,0.7090000000000001,0.38
Joey Wentz,- - -,2025,27,39,13,98.0,8.45,3.95,0.20800000000000002,0.09699999999999999,5.6,4.06,4.51,0.336,0.635,1.01
Ben Brown,CHC,2025,25,25,15,106.1,10.24,2.71,0.256,0.068,5.92,4.08,3.56,0.347,0.637,1.52
Carlos Estevez,KCR,2025,32,67,0,66.0,7.36,3.0,0.201,0.08199999999999999,2.45,3.67,4.95,0.234,0.7759999999999999,0.68
Ian Seymour,TBR,2025,26,19,5,57.0,10.11,3.0,0.264,0.079,3.63,3.19,3.81,0.285,0.5870000000000001,0.79
Caleb Thielbar,CHC,2025,38,67,0,58.0,8.69,2.02,0.255,0.059000000000000004,2.64,3.0,3.68,0.226,0.773,0.78
Michael Soroka,- - -,2025,27,22,17,89.2,9.54,2.91,0.251,0.077,4.52,4.23,4.21,0.263,0.675,1.2
Connelly Early,BOS,2025,23,4,4,19.1,13.5,1.86,0.36700000000000005,0.051,2.33,0.91,2.35,0.378,0.727,0.0
Tony Santillan,CIN,2025,28,80,0,73.2,9.16,3.54,0.249,0.096,2.44,3.72,4.05,0.249,0.8290000000000001,0.86
Kyle Bradish,BAL,2025,28,6,6,32.0,13.22,2.81,0.373,0.079,2.53,2.45,2.67,0.308,0.8390000000000001,0.84
Matt Svanson,STL,2025,26,39,0,60.1,10.14,2.98,0.29100000000000004,0.085,1.94,2.72,3.4,0.216,0.8140000000000001,0.45
Pete Fairbanks,TBR,2025,31,61,0,60.1,8.8,2.69,0.242,0.07400000000000001,2.83,3.63,3.76,0.239,0.775,1.04
Alex Vesia,LAD,2025,29,68,0,59.2,12.07,3.32,0.33799999999999997,0.09300000000000001,3.02,3.77,3.57,0.231,0.8370000000000001,1.36
Raisel Iglesias,ATL,2025,35,70,0,67.1,9.76,2.14,0.27399999999999997,0.06,3.21,3.31,3.78,0.257,0.7609999999999999,1.07
Justin Wilson,BOS,2025,37,61,0,48.1,10.61,3.72,0.275,0.09699999999999999,3.35,2.95,3.55,0.36,0.7290000000000001,0.56
Jeremiah Estrada,SDP,2025,26,77,0,73.0,13.32,3.33,0.355,0.08900000000000001,3.45,3.55,3.18,0.299,0.8009999999999999,1.48
Hunter Dobbins,BOS,2025,25,13,11,61.0,6.64,2.51,0.17600000000000002,0.066,4.13,3.87,4.11,0.296,0.698,0.89
Parker Messick,CLE,2025,24,7,7,39.2,8.62,1.36,0.23,0.036000000000000004,2.72,2.98,3.15,0.359,0.862,0.91
Hoby Milner,TEX,2025,34,73,0,70.1,7.42,2.69,0.198,0.07200000000000001,3.84,3.39,3.96,0.304,0.667,0.64
Emilio Pagan,CIN,2025,34,70,0,68.2,10.62,2.88,0.3,0.081,2.88,3.72,3.91,0.2,0.765,1.31
Ryan Bergert,- - -,2025,25,19,15,76.1,8.61,4.13,0.226,0.10800000000000001,3.66,4.0,4.68,0.257,0.758,0.94
Daniel Palencia,CHC,2025,25,54,0,52.2,10.42,2.73,0.284,0.07400000000000001,2.91,3.08,3.37,0.298,0.782,0.85
Edwin Uceta,TBR,2025,27,70,0,76.0,12.2,3.2,0.321,0.084,3.79,3.69,3.43,0.297,0.784,1.3
Shota Imanaga,CHC,2025,31,25,25,144.2,7.28,1.62,0.20600000000000002,0.046,3.73,4.86,4.51,0.219,0.815,1.93
Mitchell Parker,WSN,2025,25,33,30,164.2,5.63,3.17,0.142,0.08,5.68,4.99,5.08,0.286,0.605,1.37
Lucas Erceg,KCR,2025,30,61,0,61.1,7.04,2.64,0.193,0.07200000000000001,2.64,3.49,3.95,0.286,0.81,0.59
Michael McGreevy,STL,2025,24,17,16,95.2,5.46,1.88,0.145,0.05,4.42,4.27,4.32,0.287,0.687,1.13
Bryce Elder,ATL,2025,26,28,28,156.1,7.54,2.94,0.193,0.075,5.3,4.55,4.04,0.306,0.6779999999999999,1.38
Griffin Canning,NYM,2025,29,16,16,76.1,8.25,4.13,0.213,0.107,3.77,4.04,4.09,0.288,0.746,0.94
Spencer Strider,ATL,2025,26,23,23,125.1,9.41,3.66,0.243,0.095,4.45,4.53,4.24,0.316,0.774,1.44
Jared Koenig,MIL,2025,31,72,0,66.0,9.27,2.73,0.254,0.075,2.86,3.35,3.8,0.3,0.826,0.82
Tyler Kinley,- - -,2025,34,73,0,72.2,9.04,4.09,0.237,0.107,3.96,3.69,4.59,0.244,0.67,0.74
Aaron Nola,PHI,2025,32,17,17,94.1,9.25,2.67,0.24,0.069,6.01,4.58,3.71,0.315,0.624,1.72
JoJo Romero,STL,2025,28,65,0,61.0,8.11,4.28,0.21600000000000003,0.114,2.07,3.28,4.12,0.269,0.758,0.3
Seranthony Dominguez,- - -,2025,30,67,0,62.2,11.35,5.17,0.303,0.138,3.16,3.47,3.71,0.281,0.693,0.72
Grant Holmes,ATL,2025,29,22,21,115.0,9.63,4.23,0.25,0.11,3.99,4.4,4.04,0.288,0.7859999999999999,1.25
Bubba Chandler,PIT,2025,22,7,4,31.1,8.9,1.15,0.25,0.032,4.02,2.66,3.2,0.274,0.616,0.57
Luis L. Ortiz,CLE,2025,26,16,16,88.2,9.74,4.26,0.251,0.11,4.36,4.18,3.83,0.294,0.7440000000000001,1.22
Aaron Civale,- - -,2025,30,23,18,102.0,7.76,2.91,0.20199999999999999,0.076,4.85,4.63,4.73,0.275,0.6779999999999999,1.41
Cristian Javier,HOU,2025,28,8,8,37.0,8.27,3.65,0.217,0.096,4.62,3.65,4.97,0.279,0.594,0.73
Justin Topa,MIN,2025,34,54,1,60.0,7.35,2.7,0.183,0.067,3.9,3.04,3.89,0.338,0.665,0.3
Jose Quintana,MIL,2025,36,24,24,131.2,6.08,3.42,0.16,0.09,3.96,4.81,4.92,0.259,0.7340000000000001,1.23
Braydon Fisher,TOR,2025,24,52,1,50.0,11.16,3.42,0.307,0.094,2.7,3.02,3.64,0.246,0.8059999999999999,0.72
Dustin May,- - -,2025,27,25,23,132.1,8.37,3.81,0.21100000000000002,0.096,4.96,4.88,4.53,0.298,0.715,1.43
Ryan Gusto,- - -,2025,26,27,17,101.2,8.59,3.19,0.214,0.079,5.67,4.61,4.61,0.326,0.6709999999999999,1.5
Tanner Banks,PHI,2025,33,69,1,67.1,8.15,1.6,0.228,0.045,3.07,3.64,3.67,0.255,0.7979999999999999,1.2
Randy Vasquez,SDP,2025,26,28,26,133.2,5.25,3.5,0.13699999999999998,0.091,3.84,4.85,5.51,0.261,0.774,1.08
Michael King,SDP,2025,30,15,15,73.1,9.33,3.19,0.247,0.084,3.44,4.42,4.2,0.263,0.8109999999999999,1.47
Caleb Ferguson,- - -,2025,28,70,0,65.1,7.03,3.03,0.18899999999999997,0.081,3.58,3.26,4.06,0.275,0.6940000000000001,0.28
Matt Festa,CLE,2025,32,63,0,54.2,9.22,2.47,0.248,0.066,4.12,3.14,3.71,0.274,0.599,0.66
Andrew Kittredge,- - -,2025,35,54,0,53.0,10.87,1.87,0.308,0.053,3.4,3.06,2.62,0.27,0.711,1.19
Cole Sands,MIN,2025,27,69,3,72.0,8.0,2.38,0.214,0.064,4.5,3.58,4.05,0.283,0.601,0.88
J.T. Ginn,ATH,2025,26,23,16,90.1,9.86,3.09,0.253,0.079,5.08,4.62,3.52,0.314,0.732,1.69
Logan Henderson,MIL,2025,23,5,5,25.1,11.72,2.84,0.33299999999999996,0.081,1.78,3.02,3.36,0.255,0.9620000000000001,1.07
Brooks Raley,NYM,2025,37,30,0,25.2,8.77,2.1,0.253,0.061,2.45,2.12,3.86,0.212,0.682,0.0
Fernando Cruz,NYY,2025,35,49,0,48.0,13.5,4.5,0.36,0.12,3.56,3.18,3.01,0.292,0.736,0.94
Reed Garrett,NYM,2025,32,58,1,55.1,10.41,4.23,0.26899999999999996,0.109,3.9,3.46,3.65,0.296,0.701,0.81
Tommy Nance,TOR,2025,34,30,0,31.2,9.09,1.99,0.254,0.055999999999999994,1.99,1.87,2.85,0.291,0.667,0.0
Hunter Gaddis,CLE,2025,27,73,0,66.2,9.86,2.84,0.266,0.077,3.11,3.5,3.69,0.292,0.8140000000000001,1.08
Matt Brash,SEA,2025,27,53,0,47.1,11.03,3.42,0.29100000000000004,0.09,2.47,3.05,3.03,0.316,0.83,0.76
Brandon Walter,HOU,2025,28,9,9,53.2,8.72,0.67,0.245,0.019,3.35,4.01,3.14,0.252,0.846,1.68
Martin Perez,CHW,2025,34,11,10,56.0,7.07,3.54,0.193,0.096,3.54,4.24,4.91,0.221,0.737,0.96
Orion Kerkering,PHI,2025,24,69,0,60.0,9.75,4.05,0.244,0.102,3.3,3.82,4.19,0.299,0.747,0.9
Slade Cecconi,CLE,2025,26,23,23,132.0,7.43,2.18,0.2,0.059000000000000004,4.3,4.64,4.09,0.268,0.7440000000000001,1.64
Greg Weissert,BOS,2025,30,72,0,67.0,7.66,2.82,0.205,0.076,2.82,3.67,4.33,0.267,0.7440000000000001,0.81
Andre Pallante,STL,2025,26,31,31,162.2,6.14,3.43,0.155,0.087,5.31,4.68,4.16,0.295,0.622,1.16
Bryan King,HOU,2025,28,68,0,68.0,9.13,1.46,0.251,0.04,2.78,3.68,3.33,0.276,0.885,1.32
Chris Paddack,- - -,2025,29,33,28,158.0,6.38,2.11,0.16699999999999998,0.055,5.35,5.03,4.69,0.277,0.664,1.77
Sean Burke,CHW,2025,25,28,22,134.1,8.91,4.22,0.223,0.106,4.22,4.92,4.7,0.291,0.7390000000000001,1.54
Corbin Burnes,ARI,2025,30,11,11,64.1,8.81,3.64,0.23800000000000002,0.098,2.66,3.94,3.73,0.253,0.8059999999999999,0.98
Drew Pomeranz,CHC,2025,36,57,4,49.2,10.33,2.72,0.281,0.07400000000000001,2.17,3.36,3.69,0.273,0.863,0.91
Danny Coulombe,- - -,2025,35,55,1,43.0,9.0,3.77,0.244,0.102,2.3,3.3,4.04,0.259,0.852,0.63
Garrett Cleavinger,TBR,2025,31,67,0,61.1,12.03,2.64,0.337,0.07400000000000001,2.35,3.59,2.89,0.244,0.9159999999999999,1.32
Brock Stewart,- - -,2025,33,43,0,37.2,10.51,3.11,0.27699999999999997,0.08199999999999999,2.63,3.19,4.12,0.305,0.848,0.72
Kolby Allard,CLE,2025,27,33,2,65.0,5.82,1.94,0.158,0.053,2.63,3.54,4.67,0.289,0.792,0.69
Luis Garcia,- - -,2025,38,58,0,55.1,7.81,4.23,0.20600000000000002,0.11199999999999999,3.42,3.28,4.01,0.338,0.742,0.33
Juan Mejia,COL,2025,24,55,0,61.1,9.98,3.67,0.261,0.096,3.96,3.71,4.07,0.295,0.657,0.88
Manuel Rodriguez,TBR,2025,28,31,0,30.1,7.42,1.78,0.207,0.05,2.08,3.04,3.2,0.276,0.795,0.59
Gregory Soto,- - -,2025,30,70,0,60.1,10.44,3.58,0.251,0.086,4.18,3.42,3.99,0.341,0.7,0.6
Mark Leiter Jr.,NYY,2025,34,59,0,48.1,10.06,3.17,0.247,0.078,4.84,3.55,3.8,0.374,0.662,0.93
Tanner Gordon,COL,2025,27,15,15,75.1,7.41,2.03,0.184,0.05,6.33,5.05,4.33,0.335,0.598,1.91
Kenley Jansen,LAA,2025,37,62,0,59.0,8.69,2.9,0.244,0.081,2.59,3.98,4.6,0.195,0.852,1.22
Ryan Walker,SFG,2025,29,68,0,61.1,8.8,2.64,0.226,0.068,4.11,3.3,3.63,0.318,0.672,0.59
Brant Hurter,DET,2025,26,43,4,63.0,9.71,3.86,0.245,0.09699999999999999,2.43,3.61,4.08,0.317,0.772,0.57
Shelby Miller,- - -,2025,34,48,0,46.0,10.57,2.93,0.29,0.081,2.74,3.44,3.67,0.259,0.778,0.98
Jakob Junis,CLE,2025,32,57,0,66.2,7.43,2.43,0.201,0.066,2.97,3.45,4.21,0.307,0.785,0.68
Brennan Bernardino,BOS,2025,33,55,3,51.2,7.49,4.53,0.192,0.11599999999999999,3.14,3.41,4.59,0.252,0.6759999999999999,0.17
Luis Gil,NYY,2025,27,11,11,57.0,6.47,5.21,0.168,0.135,3.32,4.63,5.65,0.256,0.784,0.79
Camilo Doval,- - -,2025,27,69,0,65.1,9.92,4.82,0.259,0.126,3.58,3.47,3.74,0.287,0.659,0.55
Isaac Mattson,PIT,2025,29,44,0,47.2,8.5,3.59,0.22699999999999998,0.096,2.45,3.66,4.93,0.242,0.833,0.76
Brenan Hanifee,DET,2025,27,54,0,60.0,6.0,2.1,0.154,0.054000000000000006,3.0,3.25,3.91,0.308,0.6509999999999999,0.45
AJ Smith-Shawver,ATL,2025,22,9,9,44.1,8.53,4.26,0.21899999999999997,0.109,3.86,3.9,4.36,0.306,0.753,0.81
Ronel Blanco,HOU,2025,31,9,9,48.1,8.94,3.72,0.24100000000000002,0.10099999999999999,4.1,4.27,4.4,0.242,0.742,1.3
Chris Martin,TEX,2025,39,49,0,42.1,9.14,1.7,0.247,0.046,2.98,3.58,3.31,0.319,0.78,1.28
Hogan Harris,ATH,2025,28,48,0,64.2,9.05,4.59,0.235,0.11900000000000001,3.2,3.71,4.37,0.283,0.765,0.7
Andrew Alvarez,WSN,2025,26,5,5,23.1,7.71,3.86,0.204,0.102,2.31,3.39,4.16,0.227,0.742,0.39
Felix Bautista,BAL,2025,30,35,0,34.2,12.98,5.97,0.35200000000000004,0.162,2.6,3.37,3.35,0.197,0.833,0.78
Mason Englert,TBR,2025,25,29,0,44.2,8.87,2.22,0.23800000000000002,0.059000000000000004,3.83,3.14,3.59,0.312,0.7090000000000001,0.81
Brandon Sproat,NYM,2025,24,4,4,20.2,7.4,3.05,0.20199999999999999,0.083,4.79,2.8,3.84,0.31,0.593,0.0
JP Sears,- - -,2025,29,27,27,135.2,7.76,2.39,0.201,0.062,5.04,5.21,4.76,0.287,0.741,1.99
Seth Lugo,KCR,2025,35,26,26,145.1,7.74,3.41,0.205,0.09,4.15,5.09,4.53,0.266,0.794,1.67
Bailey Falter,- - -,2025,28,26,24,125.1,5.82,3.3,0.156,0.08900000000000001,4.45,4.94,5.03,0.259,0.6940000000000001,1.36
Wandy Peralta,SDP,2025,33,71,1,71.2,7.91,3.77,0.201,0.096,3.14,3.62,3.86,0.286,0.758,0.63
Eduard Bazardo,SEA,2025,29,73,0,78.2,9.38,3.09,0.262,0.086,2.52,3.64,3.84,0.228,0.85,1.03
Nick Mears,MIL,2025,28,63,0,56.2,7.31,2.06,0.20800000000000002,0.059000000000000004,3.49,3.86,4.32,0.227,0.6709999999999999,1.11
Jose Butto,- - -,2025,27,55,0,67.0,7.79,4.3,0.204,0.113,3.9,3.7,4.38,0.309,0.7190000000000001,0.54
Jordan Leasure,CHW,2025,26,68,1,64.1,11.33,4.2,0.301,0.11199999999999999,3.92,4.49,3.91,0.255,0.7909999999999999,1.68
Taijuan Walker,PHI,2025,32,34,21,123.2,6.26,3.06,0.16,0.078,4.08,5.07,4.73,0.288,0.7809999999999999,1.53
Robert Garcia,TEX,2025,29,71,0,64.0,9.56,3.09,0.253,0.08199999999999999,2.95,3.71,3.68,0.294,0.7879999999999999,1.13
Victor Vodnik,COL,2025,25,52,0,50.2,8.7,4.62,0.228,0.121,3.02,3.77,4.02,0.301,0.795,0.71
Luis Morales,ATH,2025,22,10,9,48.2,7.95,3.33,0.21600000000000003,0.09,3.14,4.68,4.54,0.233,0.852,1.48
Luke Weaver,NYY,2025,31,64,0,64.2,10.02,2.78,0.275,0.076,3.62,3.89,4.12,0.226,0.736,1.39
Bryan Baker,- - -,2025,30,73,0,68.2,10.88,2.23,0.303,0.062,4.06,3.92,3.08,0.286,0.7440000000000001,1.7
Jake Bird,- - -,2025,29,48,0,55.1,10.73,4.07,0.266,0.10099999999999999,5.53,3.91,3.58,0.361,0.652,1.14
Dietrich Enns,- - -,2025,34,24,3,46.1,9.52,2.91,0.245,0.075,4.08,3.67,3.42,0.338,0.7070000000000001,1.17
Cade Cavalli,WSN,2025,26,10,10,48.2,7.4,2.77,0.183,0.068,4.25,4.53,3.93,0.327,0.725,1.29
Max Meyer,MIA,2025,26,12,12,64.2,9.46,2.78,0.239,0.07,4.73,4.47,3.51,0.328,0.7120000000000001,1.67
Gordon Graceffo,STL,2025,25,26,0,43.0,8.37,2.72,0.207,0.067,6.28,2.93,3.86,0.353,0.514,0.42
Andrew Saalfrank,ARI,2025,27,28,0,29.0,5.9,3.1,0.168,0.08800000000000001,1.24,3.31,4.61,0.217,0.87,0.31
Hunter Harvey,KCR,2025,30,12,0,10.2,9.28,0.84,0.282,0.026000000000000002,0.0,1.35,2.8,0.222,1.0,0.0
Justin Lawrence,PIT,2025,30,17,0,17.2,11.72,4.08,0.33299999999999996,0.11599999999999999,0.51,2.23,3.54,0.25,0.9470000000000001,0.0
Kyle Harrison,- - -,2025,23,11,6,35.2,9.59,3.53,0.244,0.09,4.04,3.72,3.95,0.313,0.7659999999999999,1.01
Joe Boyle,TBR,2025,25,13,9,52.0,10.04,4.85,0.257,0.124,4.67,4.19,4.38,0.282,0.625,1.04
Matt Gage,- - -,2025,32,33,2,31.0,7.84,3.48,0.19699999999999998,0.08800000000000001,3.19,2.75,4.14,0.365,0.7759999999999999,0.0
Enyel De Los Santos,- - -,2025,29,65,0,66.0,8.45,3.27,0.221,0.086,4.36,3.82,4.26,0.292,0.674,0.95
Mike Vasil,CHW,2025,25,47,3,101.0,7.31,4.63,0.19399999999999998,0.12300000000000001,2.5,4.32,4.67,0.242,0.831,0.71
Huascar Brazoban,NYM,2025,35,52,3,63.0,8.14,3.86,0.218,0.10300000000000001,3.57,4.04,4.2,0.268,0.72,0.86
Max Scherzer,TOR,2025,40,17,17,85.0,8.68,2.44,0.22899999999999998,0.064,5.19,4.99,4.55,0.293,0.738,2.01
Yu Darvish,SDP,2025,38,15,15,72.0,8.5,2.38,0.23,0.064,5.38,4.82,4.15,0.275,0.6579999999999999,1.75
Kody Funderburk,MIN,2025,28,39,0,41.0,8.78,3.95,0.21899999999999997,0.098,3.51,3.35,3.96,0.35,0.772,0.44
Tyler Gilbert,CHW,2025,31,46,5,51.0,8.65,4.24,0.228,0.11199999999999999,3.88,4.02,4.83,0.259,0.7120000000000001,0.88
Spencer Bivens,SFG,2025,31,54,0,81.0,6.78,2.78,0.17800000000000002,0.073,4.0,3.7,4.26,0.313,0.679,0.67
Jonathan Cannon,CHW,2025,24,22,17,103.2,7.47,3.3,0.185,0.08199999999999999,5.82,5.13,4.92,0.306,0.682,1.65
Cal Quantrill,- - -,2025,30,26,26,117.2,6.5,2.68,0.166,0.068,6.04,5.14,4.89,0.311,0.654,1.68
Anthony Bender,MIA,2025,30,51,0,50.0,7.56,3.78,0.20600000000000002,0.10300000000000001,2.16,3.62,4.47,0.213,0.8270000000000001,0.54
Aaron Bummer,ATL,2025,31,42,2,54.1,8.45,2.82,0.217,0.07200000000000001,3.81,3.52,3.68,0.314,0.695,0.5
Jackson Perkins,ATH,2025,25,12,4,38.2,8.61,4.19,0.23,0.11199999999999999,4.19,4.12,4.65,0.23,0.7,0.93
Cole Sulser,TBR,2025,35,18,0,22.2,8.74,2.78,0.244,0.078,1.99,2.69,3.48,0.317,0.8590000000000001,0.4
Ben Lively,CLE,2025,33,9,9,44.2,5.84,3.02,0.163,0.084,3.22,4.59,5.26,0.25,0.83,1.21
Grant Anderson,MIL,2025,28,66,0,69.2,9.56,3.75,0.247,0.09699999999999999,3.23,3.84,3.87,0.274,0.698,1.03
Steven Wilson,CHW,2025,30,59,0,55.1,8.3,3.58,0.212,0.091,3.42,4.29,5.13,0.272,0.828,1.14
Justin Slaten,BOS,2025,27,36,0,34.0,6.62,2.65,0.182,0.073,4.24,3.69,4.41,0.242,0.5489999999999999,0.79
Sean Manaea,NYM,2025,33,15,12,60.2,11.13,1.78,0.285,0.046,5.64,4.39,3.3,0.314,0.685,1.93
Trevor McDonald,SFG,2025,24,3,2,15.0,8.4,1.2,0.233,0.033,1.8,2.54,2.7,0.279,0.662,0.6
Andrew Chafin,- - -,2025,35,42,0,33.2,9.62,5.08,0.252,0.133,2.41,3.46,3.97,0.314,0.8190000000000001,0.53
Trey Yesavage,TOR,2025,21,3,3,14.0,10.29,4.5,0.258,0.113,3.21,2.35,3.23,0.333,0.75,0.0
DL Hall,MIL,2025,26,20,3,38.2,6.28,3.96,0.174,0.11,3.49,3.73,4.85,0.202,0.6809999999999999,0.47
Tobias Myers,MIL,2025,26,22,6,50.2,6.75,2.66,0.17300000000000001,0.068,3.55,3.92,4.74,0.306,0.7809999999999999,0.89
Zack Kelly,BOS,2025,30,28,0,35.1,8.92,3.06,0.23,0.079,4.58,3.53,4.04,0.323,0.633,0.76
JT Brubaker,- - -,2025,31,17,1,28.2,6.91,3.77,0.188,0.10300000000000001,3.77,2.96,4.47,0.28,0.667,0.0
Taylor Rashi,ARI,2025,29,10,0,16.1,12.12,4.41,0.306,0.111,4.41,1.91,2.95,0.381,0.667,0.0
Ryan Feltner,COL,2025,28,6,6,30.1,7.42,3.56,0.185,0.08900000000000001,4.75,4.39,4.5,0.309,0.711,1.19
Charlie Morton,- - -,2025,41,33,27,142.0,9.44,4.56,0.228,0.11,5.83,4.96,4.4,0.326,0.7,1.46
Miles Mikolas,STL,2025,36,31,31,156.1,5.76,2.13,0.149,0.055,4.84,5.03,4.83,0.28,0.7240000000000001,1.67
Brock Burke,LAA,2025,28,69,1,61.2,7.59,2.63,0.20199999999999999,0.07,3.36,4.16,3.87,0.284,0.8109999999999999,1.17
Jorge Lopez,WSN,2025,32,26,0,24.2,6.2,2.55,0.16,0.066,6.57,3.5,4.47,0.308,0.506,0.36
Angel Zerpa,KCR,2025,25,69,2,64.2,8.07,3.06,0.21100000000000002,0.08,4.18,3.86,3.5,0.323,0.7509999999999999,0.97
Cade Gibson,MIA,2025,27,44,1,54.2,7.08,3.46,0.187,0.091,2.63,3.76,4.23,0.261,0.7929999999999999,0.49
Justin Sterner,ATH,2025,28,59,1,65.0,9.69,2.91,0.263,0.079,3.18,4.27,4.19,0.234,0.836,1.38
Shane Bieber,TOR,2025,30,7,7,40.1,8.26,1.56,0.233,0.044000000000000004,3.57,4.47,3.35,0.245,0.8440000000000001,1.79
Javier Assad,CHC,2025,27,8,7,37.0,5.59,2.92,0.15,0.078,3.65,4.24,4.69,0.27,0.759,0.73
Jose Alvarado,PHI,2025,30,28,0,26.0,11.08,2.42,0.281,0.061,3.81,3.6,2.96,0.329,0.782,1.38
Tyler Ferguson,ATH,2025,31,56,0,58.0,8.38,5.28,0.22,0.138,4.66,4.14,5.07,0.26,0.65,0.62
Kumar Rocker,TEX,2025,25,14,14,64.1,7.83,3.22,0.195,0.08,5.74,4.88,4.14,0.311,0.6779999999999999,1.54
Riley O'Brien,STL,2025,30,42,0,48.0,8.44,4.13,0.226,0.111,2.06,3.61,3.88,0.252,0.828,0.38
Pierce Johnson,ATL,2025,34,65,0,59.0,9.0,2.9,0.248,0.08,3.05,3.91,4.03,0.291,0.8390000000000001,1.22
Max Kranick,NYM,2025,27,24,0,37.0,6.08,1.22,0.16899999999999998,0.034,3.65,3.95,4.36,0.257,0.75,1.22
John Schreiber,KCR,2025,31,74,0,64.0,8.72,2.67,0.23399999999999999,0.07200000000000001,3.8,4.17,3.99,0.272,0.762,1.41
David Festa,MIN,2025,25,11,10,53.1,8.94,3.21,0.231,0.083,5.4,4.88,4.49,0.273,0.638,1.69
German Marquez,COL,2025,30,26,26,126.1,5.91,3.42,0.14,0.081,6.7,5.47,5.35,0.336,0.611,1.64
Albert Suarez,BAL,2025,35,5,1,11.2,7.71,1.54,0.22699999999999998,0.045,2.31,2.19,4.17,0.29,0.667,0.0
Edgardo Henriquez,LAD,2025,23,22,0,19.0,8.53,2.37,0.231,0.064,2.37,3.4,3.65,0.283,0.885,0.95
Tyler Wells,BAL,2025,30,4,4,21.2,7.48,0.83,0.22,0.024,2.91,4.15,4.17,0.224,0.8959999999999999,1.66
Dylan Lee,ATL,2025,30,74,0,68.1,10.01,1.84,0.28600000000000003,0.053,3.29,4.0,3.22,0.245,0.82,1.71
Kai-Wei Teng,SFG,2025,26,8,7,29.2,11.83,5.16,0.281,0.122,6.37,3.81,4.44,0.365,0.578,0.61
Jordan Hicks,- - -,2025,28,34,9,67.1,7.75,4.28,0.185,0.102,6.95,4.35,4.39,0.352,0.573,0.8
Will Klein,LAD,2025,25,14,0,15.1,12.33,5.87,0.3,0.14300000000000002,2.35,2.74,3.55,0.378,0.769,0.0
Wikelman Gonzalez,CHW,2025,23,16,0,20.1,11.07,5.31,0.287,0.138,2.66,3.09,4.11,0.245,0.6779999999999999,0.44
David Morgan,SDP,2025,25,41,2,47.1,9.51,4.37,0.259,0.11900000000000001,2.66,3.71,3.94,0.272,0.846,0.76
Eric Orze,TBR,2025,27,33,0,41.2,8.64,4.1,0.225,0.107,3.02,4.05,4.65,0.304,0.809,0.86
Taylor Clarke,KCR,2025,32,51,0,55.1,7.16,1.46,0.214,0.044000000000000004,3.25,3.97,3.68,0.208,0.7609999999999999,1.3
Jaden Hill,COL,2025,25,28,0,29.1,9.51,3.68,0.24,0.09300000000000001,3.38,3.44,4.08,0.309,0.7140000000000001,0.61
Mason Montgomery,TBR,2025,25,57,0,46.0,12.33,5.28,0.301,0.129,5.67,3.92,3.56,0.384,0.6559999999999999,1.17
Cody Laweryson,MIN,2025,27,5,0,7.2,8.22,0.0,0.26899999999999996,0.0,1.17,1.31,2.52,0.211,0.5,0.0
Jayden Murray,HOU,2025,28,9,1,11.2,6.17,2.31,0.17,0.064,1.54,2.54,4.52,0.278,0.846,0.0
A.J. Minter,NYM,2025,31,13,0,11.0,11.45,4.09,0.318,0.114,1.64,1.95,3.21,0.24,0.818,0.0
Erik Sabrowski,CLE,2025,27,33,0,29.1,12.89,6.44,0.34700000000000003,0.174,1.84,3.61,4.04,0.226,0.852,0.61
Rico Garcia,- - -,2025,31,29,1,34.1,9.96,2.62,0.268,0.07,3.15,3.69,3.28,0.292,0.853,1.31
Yerry De Los Santos,NYY,2025,27,25,0,35.2,7.07,4.29,0.175,0.106,3.28,3.44,3.99,0.319,0.746,0.25
Juan Morillo,ARI,2025,26,42,0,34.1,9.44,5.24,0.237,0.132,4.19,3.63,4.13,0.387,0.7120000000000001,0.52
Ryan Brasier,CHC,2025,37,28,1,26.0,6.92,1.73,0.19,0.048,4.5,3.17,3.66,0.321,0.6509999999999999,0.69
Connor Phillips,CIN,2025,24,21,0,25.0,11.52,4.32,0.327,0.122,2.88,3.82,3.86,0.163,0.769,1.08
Jacob Webb,TEX,2025,31,55,0,66.0,7.91,2.59,0.217,0.071,3.0,4.3,4.55,0.219,0.821,1.36
Jalen Beeks,ARI,2025,31,61,2,57.1,7.38,3.14,0.203,0.087,3.77,4.01,4.29,0.231,0.6829999999999999,0.94
Mason Fluharty,TOR,2025,23,55,0,52.2,9.57,4.1,0.26,0.11199999999999999,4.44,3.97,4.13,0.236,0.634,1.03
Jason Alexander,- - -,2025,32,18,13,77.1,7.56,3.03,0.193,0.077,4.77,5.1,4.19,0.286,0.727,1.75
Taylor Rogers,- - -,2025,34,57,0,50.2,9.41,4.09,0.24,0.10400000000000001,3.38,4.38,4.2,0.296,0.759,1.24
Steven Cruz,KCR,2025,26,47,0,45.2,7.49,3.55,0.201,0.095,3.74,4.14,4.47,0.244,0.7290000000000001,0.99
Ryan Thompson,ARI,2025,33,48,0,41.1,7.84,2.83,0.20600000000000002,0.07400000000000001,3.92,3.74,3.94,0.317,0.7,0.87
Ryan Helsley,- - -,2025,30,58,0,56.0,10.13,4.02,0.25,0.099,4.5,4.14,3.79,0.342,0.726,1.29
Yohan Ramirez,PIT,2025,30,24,0,33.1,12.15,4.32,0.29,0.10300000000000001,5.4,3.8,3.76,0.337,0.591,1.08
Grant Wolfram,BAL,2025,28,21,0,26.2,10.46,5.06,0.233,0.113,5.4,3.59,4.29,0.393,0.643,0.68
Jose Suarez,ATL,2025,27,7,1,19.1,7.45,4.66,0.198,0.12300000000000001,1.86,3.7,4.39,0.259,0.847,0.47
Nic Enright,CLE,2025,28,27,0,31.0,8.71,3.48,0.23600000000000002,0.094,2.03,3.81,4.39,0.263,0.888,0.87
Johan Oviedo,PIT,2025,27,9,9,40.1,9.37,5.13,0.247,0.135,3.57,4.92,4.9,0.208,0.8029999999999999,1.34
PJ Poulin,WSN,2025,28,28,0,24.2,9.85,4.74,0.245,0.11800000000000001,3.65,3.82,4.33,0.318,0.795,0.73
Ryan Weathers,MIA,2025,25,8,8,38.1,8.69,2.82,0.223,0.07200000000000001,3.99,4.6,4.03,0.275,0.746,1.64
Jesus Tinoco,MIA,2025,30,20,0,19.1,4.66,3.72,0.125,0.1,5.12,4.01,5.1,0.262,0.551,0.47
Collin Snider,SEA,2025,29,24,0,26.1,8.2,2.05,0.20199999999999999,0.05,5.47,3.7,4.1,0.345,0.5589999999999999,1.03
Sam Bachman,LAA,2025,25,23,0,20.1,7.97,4.43,0.191,0.106,6.2,3.63,4.2,0.328,0.57,0.44
Jonah Tong,NYM,2025,22,5,5,18.2,10.61,4.34,0.253,0.10300000000000001,7.71,4.31,3.96,0.396,0.451,1.45
Luinder Avila,KCR,2025,23,13,0,14.0,10.29,3.86,0.28600000000000003,0.107,1.29,2.14,3.35,0.206,0.846,0.0
Evan Sisk,- - -,2025,28,19,0,17.2,12.74,5.09,0.313,0.125,3.57,3.08,3.65,0.357,0.789,0.51
Dylan Dodd,ATL,2025,27,28,0,35.0,7.71,1.29,0.221,0.037000000000000005,3.6,3.79,3.43,0.242,0.741,1.29
Jonathan Bowlan,KCR,2025,28,34,1,44.1,9.34,3.45,0.256,0.094,3.86,3.97,3.57,0.279,0.7240000000000001,1.22
Hayden Wesneski,HOU,2025,27,6,6,32.0,8.16,1.69,0.221,0.046,4.5,4.82,3.81,0.25,0.763,1.97
Kyle Nicolas,PIT,2025,26,31,0,38.0,8.05,4.26,0.204,0.10800000000000001,4.74,3.95,4.87,0.282,0.6629999999999999,0.71
Mason Barnett,ATH,2025,24,5,5,22.1,7.25,4.43,0.17300000000000001,0.106,6.85,4.88,5.34,0.324,0.5920000000000001,1.21
Kevin Ginkel,ARI,2025,31,29,0,25.2,10.17,4.56,0.24,0.107,7.36,3.64,4.49,0.36,0.534,0.7
Evan Phillips,LAD,2025,30,7,0,5.2,9.53,3.18,0.273,0.091,0.0,2.08,2.62,0.286,1.0,0.0
Ron Marinaccio,SDP,2025,29,7,0,10.2,10.13,3.38,0.28600000000000003,0.095,0.84,2.01,3.6,0.231,0.9,0.0
Cole Winn,TEX,2025,25,33,0,41.2,7.56,3.67,0.21600000000000003,0.105,1.51,3.9,4.37,0.194,0.905,0.65
Kade Strowd,BAL,2025,27,25,0,26.1,8.2,4.44,0.22899999999999998,0.124,1.71,3.4,3.96,0.227,0.8390000000000001,0.34
Josh Winckowski,BOS,2025,27,6,0,11.2,6.94,3.86,0.17300000000000001,0.096,3.86,3.14,4.46,0.297,0.588,0.0
Clayton Beeter,- - -,2025,26,26,0,25.1,11.72,6.39,0.317,0.17300000000000001,4.26,4.2,4.0,0.2,0.7090000000000001,1.07
Danny Young,NYM,2025,31,10,0,8.1,14.04,3.24,0.35100000000000003,0.081,4.32,1.46,1.64,0.45,0.615,0.0
Justin Hagenman,NYM,2025,28,9,1,23.2,8.75,0.76,0.23199999999999998,0.02,4.56,3.77,3.53,0.29,0.654,1.52
Brandyn Garcia,- - -,2025,25,14,0,14.1,8.79,5.02,0.212,0.121,5.65,3.07,4.03,0.419,0.556,0.0
Caleb Boushley,TEX,2025,31,25,1,43.1,8.52,2.91,0.212,0.073,6.02,3.85,3.95,0.374,0.5870000000000001,1.04
Paul Blackburn,- - -,2025,31,15,4,39.0,7.85,2.77,0.19399999999999998,0.069,6.23,4.39,4.17,0.336,0.601,1.38
Sammy Peralta,LAA,2025,27,5,0,10.2,6.75,5.06,0.154,0.115,7.59,3.32,5.35,0.368,0.4,0.0
Jared Shuster,CHW,2025,26,12,2,15.2,6.89,2.87,0.146,0.061,8.04,2.94,4.81,0.429,0.5589999999999999,0.0
Tomoyuki Sugano,BAL,2025,35,30,30,157.0,6.08,2.06,0.157,0.053,4.64,5.36,4.7,0.285,0.773,1.89
Lake Bachar,MIA,2025,30,53,1,71.0,9.51,3.8,0.253,0.10099999999999999,3.93,4.25,4.22,0.253,0.73,1.27
Scott Barlow,CIN,2025,32,75,1,68.1,9.88,5.93,0.248,0.149,4.21,4.7,4.71,0.249,0.735,1.05
Anthony Banda,LAD,2025,31,71,1,65.0,8.45,4.71,0.228,0.127,3.18,4.52,4.77,0.227,0.831,1.11
Keider Montero,DET,2025,24,20,12,90.2,7.15,3.08,0.185,0.08,4.37,4.93,4.46,0.295,0.777,1.59
Erik Miller,SFG,2025,27,36,0,30.0,6.6,6.0,0.172,0.156,1.5,3.97,5.15,0.289,0.894,0.0
Jackson Jobe,DET,2025,22,10,10,49.0,7.16,4.96,0.179,0.124,4.22,5.18,5.14,0.273,0.782,1.29
Ryne Stanek,NYM,2025,33,65,0,56.0,9.32,5.14,0.22699999999999998,0.125,5.3,4.4,4.98,0.31,0.627,1.13
A.J. Blubaugh,HOU,2025,24,11,3,32.0,9.84,3.09,0.282,0.08900000000000001,1.69,4.42,4.1,0.153,0.867,1.69
Troy Melton,DET,2025,24,16,4,45.2,7.09,2.96,0.2,0.083,2.76,4.6,4.53,0.198,0.86,1.38
Yariel Rodriguez,TOR,2025,28,66,1,73.0,8.14,4.19,0.221,0.114,3.08,4.4,4.6,0.228,0.812,0.99
Nabil Crismatt,ARI,2025,30,8,5,34.0,6.62,2.38,0.163,0.059000000000000004,3.71,4.84,4.32,0.304,0.721,1.59
Ryan Yarbrough,NYY,2025,33,19,8,64.0,7.73,2.67,0.20800000000000002,0.07200000000000001,4.36,5.04,4.3,0.257,0.789,1.83
Brandon Eisert,CHW,2025,27,72,3,69.2,9.56,3.23,0.242,0.08199999999999999,4.39,4.54,4.05,0.332,0.782,1.55
Yennier Cano,BAL,2025,31,65,0,58.0,8.22,3.72,0.21100000000000002,0.096,5.12,4.27,3.9,0.335,0.669,1.09
Yoendrys Gomez,- - -,2025,25,21,9,62.2,8.33,3.88,0.209,0.09699999999999999,5.17,5.26,4.81,0.273,0.687,1.72
Mick Abel,- - -,2025,23,10,8,39.0,9.0,3.69,0.22399999999999998,0.092,6.23,5.11,4.34,0.318,0.6559999999999999,1.85
Marcus Stroman,NYY,2025,34,9,9,39.0,6.0,3.69,0.149,0.091,6.23,5.19,5.0,0.304,0.653,1.38
Robert Stephenson,LAA,2025,32,12,0,10.0,9.0,2.7,0.23800000000000002,0.071,2.7,3.64,4.19,0.222,0.7290000000000001,0.9
Tyler Phillips,MIA,2025,27,54,1,77.2,6.03,2.78,0.166,0.077,2.78,4.14,4.19,0.251,0.815,0.93
Tyler Anderson,LAA,2025,35,26,26,136.1,6.87,3.76,0.174,0.095,4.56,5.6,5.41,0.263,0.7829999999999999,1.85
Chase Dollander,COL,2025,23,21,21,98.0,7.53,4.5,0.18600000000000003,0.111,6.52,5.53,4.97,0.297,0.617,1.65
Austin Warren,NYM,2025,29,5,0,9.1,8.68,3.86,0.265,0.11800000000000001,0.96,3.89,4.14,0.2,1.0,0.96
Bradgley Rodriguez,SDP,2025,21,7,0,7.2,10.57,3.52,0.29,0.09699999999999999,1.17,3.14,4.34,0.25,0.9,0.0
Cristian Mena,ARI,2025,22,3,0,6.2,10.8,4.05,0.308,0.115,1.35,4.04,3.01,0.143,1.0,1.35
Brady Basso,ATH,2025,27,11,1,11.2,6.17,6.94,0.14300000000000002,0.161,2.31,4.08,5.4,0.308,0.81,0.0
Elvis Alvarado,ATH,2025,26,37,0,42.1,10.63,4.68,0.273,0.12,3.19,4.32,4.08,0.272,0.8270000000000001,1.28
Dauri Moreta,PIT,2025,29,18,0,16.2,10.26,3.78,0.27899999999999997,0.10300000000000001,3.24,3.68,3.87,0.35,0.743,1.08
Bryan Hoeing,SDP,2025,28,7,0,8.0,5.63,3.38,0.139,0.083,3.38,3.01,4.74,0.321,0.75,0.0
Luis Garcia,HOU,2025,28,2,2,7.2,8.22,1.17,0.25,0.036000000000000004,3.52,5.48,4.3,0.059,0.909,2.35
Yimi Garcia,TOR,2025,34,22,0,21.0,10.71,5.14,0.278,0.133,3.86,3.85,3.86,0.22,0.69,0.86
Jose De Leon,BOS,2025,32,1,1,6.2,10.8,4.05,0.28600000000000003,0.107,4.05,4.04,3.94,0.438,0.833,1.35
Justin Martinez,ARI,2025,23,17,0,15.1,12.91,7.04,0.32799999999999996,0.179,4.11,4.05,4.11,0.207,0.68,0.59
Rafael Montero,- - -,2025,34,59,0,60.1,8.65,5.52,0.22899999999999998,0.146,4.48,4.13,4.48,0.242,0.625,0.75
Brent Suter,CIN,2025,35,48,3,67.2,7.05,2.39,0.182,0.062,4.52,4.57,4.3,0.28,0.693,1.46
Zak Kent,CLE,2025,27,12,0,17.2,8.15,4.08,0.21100000000000002,0.105,4.58,3.59,4.68,0.32,0.65,0.51
Carlos Hernandez,- - -,2025,28,41,0,43.1,8.1,4.57,0.192,0.10800000000000001,6.23,4.2,5.17,0.338,0.614,0.83
Mitch Farris,LAA,2025,24,5,5,24.1,8.88,4.07,0.22399999999999998,0.10300000000000001,6.66,4.78,4.8,0.299,0.5589999999999999,1.48
Nick Burdi,BOS,2025,32,4,0,5.1,8.44,3.38,0.23800000000000002,0.095,0.0,2.39,2.96,0.357,1.0,0.0
Chase Silseth,LAA,2025,25,10,0,11.0,10.64,4.91,0.265,0.122,1.64,3.86,3.94,0.321,0.9620000000000001,0.82
Darren McCaughan,MIN,2025,29,3,0,5.1,10.13,1.69,0.261,0.043,1.69,1.45,4.63,0.313,0.833,0.0
Chris Devenski,NYM,2025,34,13,1,16.2,7.56,2.7,0.215,0.077,2.16,3.5,4.29,0.209,0.833,0.54
Kevin Herget,- - -,2025,34,7,0,13.0,4.15,3.46,0.107,0.08900000000000001,2.77,3.37,5.98,0.267,0.706,0.0
Brent Headrick,NYY,2025,27,17,0,23.0,11.74,2.74,0.326,0.076,3.13,3.83,3.25,0.26,0.8759999999999999,1.57
Colin Selby,BAL,2025,27,11,0,14.0,9.0,1.29,0.233,0.033,3.21,3.42,3.11,0.333,0.855,1.29
Joey Lucchesi,SFG,2025,32,38,0,38.1,7.28,2.82,0.188,0.073,3.76,3.97,4.06,0.267,0.737,0.94
Tyler Matzek,NYY,2025,34,7,0,6.1,9.95,7.11,0.2,0.14300000000000002,4.26,3.29,5.97,0.478,0.813,0.0
Paxton Schultz,TOR,2025,27,13,2,24.2,10.22,2.92,0.255,0.073,4.38,4.07,3.77,0.333,0.6579999999999999,1.46
Keaton Winn,SFG,2025,27,7,0,10.0,8.1,1.8,0.214,0.048,4.5,3.24,3.63,0.367,0.7140000000000001,0.9
Lyon Richardson,CIN,2025,25,34,0,37.2,7.17,5.02,0.174,0.122,4.54,4.06,4.6,0.299,0.612,0.48
Ian Gibaut,CIN,2025,31,25,0,25.1,5.33,2.84,0.138,0.073,4.62,4.44,5.33,0.277,0.705,1.07
Dedniel Nunez,NYM,2025,29,10,0,9.2,10.24,5.59,0.268,0.146,4.66,4.07,5.11,0.217,0.66,0.93
Adam Mazur,MIA,2025,24,6,6,30.0,5.7,3.6,0.13699999999999998,0.086,4.8,4.9,5.22,0.282,0.619,1.2
Pierson Ohl,MIN,2025,25,14,3,30.0,8.1,2.1,0.203,0.053,5.1,4.2,3.99,0.351,0.605,1.5
Sean Guenther,DET,2025,29,9,1,10.1,6.97,4.35,0.18600000000000003,0.11599999999999999,5.23,3.04,4.38,0.333,0.5329999999999999,0.0
Jesse Scholtens,TBR,2025,31,2,0,8.1,12.96,3.24,0.316,0.079,5.4,2.9,2.82,0.364,0.47200000000000003,1.08
Easton McGee,MIL,2025,27,9,0,14.2,7.98,3.07,0.21,0.081,5.52,3.27,3.96,0.326,0.591,0.61
Jordan Wicks,CHC,2025,25,8,0,14.1,8.16,0.63,0.19399999999999998,0.015,6.28,3.34,3.25,0.431,0.586,1.26
Josh Walker,TOR,2025,30,3,0,5.0,14.4,3.6,0.32,0.08,7.2,1.74,3.28,0.571,0.636,0.0
Trevor Richards,- - -,2025,32,5,0,5.2,7.94,3.18,0.172,0.069,7.94,2.43,4.88,0.5,0.615,0.0
Tanner Rainey,- - -,2025,32,13,0,9.2,10.24,8.38,0.23399999999999999,0.191,11.17,3.96,4.6,0.308,0.33299999999999996,0.0
Colton Gordon,HOU,2025,26,20,14,86.0,7.53,1.99,0.19,0.05,5.34,5.37,4.43,0.309,0.74,2.2
Tim Hill,NYY,2025,35,70,0,67.0,4.97,2.15,0.138,0.059000000000000004,3.09,4.3,3.92,0.24,0.748,1.07
Calvin Faucher,MIA,2025,29,65,0,60.1,8.8,3.58,0.231,0.094,3.28,4.25,3.93,0.28,0.77,1.19
Hayden Birdsong,SFG,2025,23,21,10,65.2,9.32,5.07,0.228,0.124,4.8,4.96,5.0,0.287,0.685,1.37
Emerson Hancock,SEA,2025,26,22,16,90.0,6.4,3.1,0.166,0.081,4.9,5.08,4.61,0.289,0.722,1.5
Grant Holman,ATH,2025,25,22,2,23.0,6.65,3.52,0.165,0.087,5.09,4.66,4.97,0.315,0.6920000000000001,1.17
Bryce Miller,SEA,2025,26,18,18,90.1,7.37,3.39,0.18899999999999997,0.087,5.68,5.17,4.6,0.288,0.687,1.69
Joel Peguero,SFG,2025,28,17,0,22.1,6.85,3.22,0.198,0.09300000000000001,2.42,3.85,4.28,0.22,0.792,0.81
John Curtiss,ARI,2025,32,30,0,36.2,5.89,1.23,0.17,0.035,3.93,4.01,4.34,0.224,0.593,1.23
Lou Trivino,- - -,2025,33,47,2,47.2,6.99,3.4,0.179,0.087,3.97,4.73,5.26,0.286,0.763,1.13
Justin Steele,CHC,2025,29,4,4,22.2,8.34,1.99,0.228,0.054000000000000006,4.76,4.94,3.64,0.267,0.75,1.99
Mitch Spence,ATH,2025,27,32,8,84.2,7.02,2.76,0.17600000000000002,0.069,5.1,5.1,4.35,0.304,0.6659999999999999,1.7
Frankie Montas,NYM,2025,32,9,7,38.2,7.45,3.26,0.18,0.079,6.28,5.33,4.76,0.325,0.6559999999999999,1.86
Easton Lucas,TOR,2025,28,6,5,24.1,8.51,4.44,0.213,0.111,6.66,5.4,4.75,0.294,0.633,1.85
Rob Zastryzny,MIL,2025,33,26,1,22.0,8.18,4.09,0.215,0.10800000000000001,2.45,4.59,4.85,0.22,0.877,1.23
Ian Hamilton,NYY,2025,30,36,1,40.0,9.45,4.95,0.253,0.133,4.28,4.39,4.38,0.24,0.705,1.13
Dylan Smith,DET,2025,25,7,0,13.0,2.77,3.46,0.083,0.10400000000000001,1.38,4.37,5.55,0.167,0.857,0.0
Freddy Tarnok,MIA,2025,26,5,0,7.1,12.27,4.91,0.35700000000000004,0.14300000000000002,2.45,4.23,3.08,0.0,0.87,1.23
Hunter Strickland,LAA,2025,36,19,0,22.0,5.73,4.09,0.154,0.11,3.27,4.41,5.33,0.231,0.7440000000000001,0.82
Cooper Criswell,BOS,2025,28,7,1,17.2,4.58,2.55,0.113,0.063,3.57,5.17,4.8,0.317,0.7559999999999999,1.53
Dugan Darnell,COL,2025,28,9,0,11.2,3.86,5.4,0.10400000000000001,0.146,3.86,5.19,5.8,0.257,0.769,0.77
Casey Lawrence,- - -,2025,37,6,0,17.2,3.57,0.51,0.08800000000000001,0.013000000000000001,4.08,4.15,4.86,0.348,0.516,1.02
Fraser Ellard,CHW,2025,27,18,3,17.0,11.65,10.06,0.297,0.257,4.24,4.84,5.16,0.226,0.7140000000000001,0.53
Seth Johnson,PHI,2025,26,10,0,12.2,12.08,2.84,0.315,0.07400000000000001,4.26,4.48,2.86,0.267,0.648,2.13
Paul Sewald,- - -,2025,35,22,0,19.2,9.15,2.75,0.247,0.07400000000000001,4.58,4.66,5.0,0.275,0.7070000000000001,1.83
Tristan Beck,SFG,2025,29,31,1,56.2,6.51,2.54,0.177,0.069,4.61,4.25,4.49,0.241,0.652,1.11
Ryan Borucki,- - -,2025,31,39,0,35.0,8.23,4.11,0.221,0.11,4.63,4.25,3.86,0.272,0.644,1.03
Andre Granillo,STL,2025,25,14,0,21.0,7.71,3.0,0.198,0.077,4.71,4.42,4.91,0.306,0.736,1.29
Tanner Scott,LAD,2025,30,61,0,57.0,9.47,2.84,0.252,0.076,4.74,4.7,3.86,0.297,0.71,1.74
Sauryn Lao,- - -,2025,25,8,0,11.0,7.36,1.64,0.184,0.040999999999999995,4.91,4.68,4.14,0.343,0.7040000000000001,1.64
Brian Van Belle,TBR,2025,28,4,0,8.1,6.48,0.0,0.16699999999999998,0.0,5.4,4.82,3.92,0.393,0.784,2.16
Luis Curvelo,TEX,2025,24,17,0,19.0,9.47,4.74,0.23800000000000002,0.11900000000000001,5.68,4.66,5.04,0.275,0.614,1.42
Yosver Zulueta,CIN,2025,27,7,0,7.1,6.14,4.91,0.156,0.125,6.14,5.18,5.51,0.182,0.526,1.23
Carlos Rodriguez,MIL,2025,23,4,0,9.2,10.24,8.38,0.22,0.18,6.52,5.0,6.2,0.414,0.728,0.93
Michael Darrell-Hicks,- - -,2025,27,7,0,9.2,7.45,3.72,0.18600000000000003,0.09300000000000001,7.45,4.38,4.79,0.31,0.515,0.93
Noah Murdock,ATH,2025,26,14,0,17.0,11.12,10.59,0.214,0.204,13.24,4.55,6.27,0.473,0.479,0.0
Bailey Horn,DET,2025,27,10,0,11.1,7.94,5.56,0.2,0.14,1.59,4.37,4.31,0.313,0.9640000000000001,0.79
Nick Sandlin,TOR,2025,28,19,0,16.1,8.82,4.41,0.23199999999999998,0.11599999999999999,2.2,4.6,4.9,0.22,0.769,1.1
Craig Kimbrel,- - -,2025,37,14,0,12.0,12.75,5.25,0.34700000000000003,0.14300000000000002,2.25,4.22,3.72,0.348,0.915,1.5
Joe Rock,TBR,2025,24,3,0,7.2,12.91,2.35,0.314,0.057,2.35,3.53,2.84,0.316,0.938,1.17
Alan Rangel,PHI,2025,27,5,0,11.0,6.55,4.91,0.174,0.13,2.45,4.5,5.7,0.29,0.89,0.82
Michael Kopech,LAD,2025,29,14,0,11.0,9.82,10.64,0.226,0.245,2.45,4.5,5.76,0.214,0.8420000000000001,0.0
Luke Williams,ATL,2025,28,6,0,6.0,6.0,1.5,0.16,0.04,3.0,4.47,5.13,0.263,0.893,1.5
A.J. Puk,ARI,2025,30,8,0,8.0,13.5,2.25,0.34299999999999997,0.057,3.38,4.51,2.99,0.333,0.976,2.25
Jake Bauers,MIL,2025,29,5,0,5.0,1.8,5.4,0.034,0.10300000000000001,3.6,5.74,9.74,0.348,0.6920000000000001,0.0
Tim Mayza,- - -,2025,33,15,0,16.2,8.1,2.7,0.203,0.068,3.78,4.16,4.17,0.3,0.802,1.08
Michael Petersen,- - -,2025,31,15,0,18.0,8.5,3.5,0.215,0.08900000000000001,4.0,4.58,4.47,0.288,0.6729999999999999,1.5
Luis Guerrero,BOS,2025,24,13,0,17.1,5.19,7.27,0.139,0.19399999999999998,4.15,4.4,5.92,0.188,0.652,0.0
Connor Seabold,- - -,2025,29,7,0,10.1,8.71,5.23,0.20800000000000002,0.125,4.35,4.2,5.48,0.355,0.7829999999999999,0.87
Carl Edwards Jr.,- - -,2025,33,4,0,6.0,9.0,4.5,0.25,0.125,4.5,4.8,4.43,0.214,0.7140000000000001,1.5
Yaramil Hiraldo,BAL,2025,29,18,0,19.2,9.61,4.12,0.25,0.107,4.58,5.02,4.49,0.26,0.637,1.83
Kyle Backhus,ARI,2025,27,32,0,25.1,7.82,2.84,0.191,0.07,4.62,4.24,4.28,0.316,0.718,1.07
Michael Fulmer,- - -,2025,32,3,0,5.2,4.76,3.18,0.13,0.087,4.76,5.43,6.13,0.294,0.758,1.59
Gavin Hollowell,CHC,2025,27,7,0,9.1,9.64,6.75,0.233,0.163,4.82,4.64,4.56,0.32,0.753,0.96
Justin Bruihl,TOR,2025,28,15,0,13.2,11.85,4.61,0.27699999999999997,0.10800000000000001,5.27,4.16,3.39,0.459,0.7020000000000001,1.32
Davis Daniel,ATL,2025,28,3,2,10.0,8.1,6.3,0.196,0.152,5.4,5.04,5.89,0.286,0.705,0.9
Justin Garza,NYM,2025,31,5,0,6.2,4.05,1.35,0.107,0.036000000000000004,5.4,4.64,4.77,0.304,0.6579999999999999,1.35
Bryce Jarvis,ARI,2025,27,12,0,22.0,8.59,4.09,0.214,0.102,5.73,4.5,4.9,0.317,0.6709999999999999,1.23
Carson Fulmer,LAA,2025,31,13,0,29.1,7.98,3.38,0.21100000000000002,0.08900000000000001,5.83,4.7,4.38,0.247,0.586,1.53
Carson Spiers,CIN,2025,27,3,2,13.1,7.43,4.73,0.183,0.11699999999999999,6.08,6.21,5.6,0.263,0.7140000000000001,2.03
Nick Anderson,COL,2025,34,12,0,14.2,6.14,1.23,0.16399999999999998,0.033,6.14,4.84,4.28,0.304,0.608,1.84
Matt Bowman,BAL,2025,34,20,0,24.2,6.57,2.19,0.158,0.053,6.2,4.76,4.96,0.321,0.629,1.46
Jake Woodford,ARI,2025,28,22,0,36.1,5.7,3.22,0.135,0.076,6.44,4.26,4.93,0.328,0.581,0.74
Liam Hendriks,BOS,2025,36,14,0,13.2,7.9,4.61,0.203,0.11900000000000001,6.59,5.04,5.17,0.27,0.523,1.32
Elvis Peguero,- - -,2025,28,8,1,9.1,7.71,5.79,0.17,0.128,6.75,5.06,5.49,0.355,0.568,0.96
Isaiah Campbell,BOS,2025,27,6,0,7.2,3.52,1.17,0.086,0.028999999999999998,7.04,4.83,4.14,0.414,0.662,1.17
Brooks Kriske,- - -,2025,31,16,0,18.0,9.0,7.5,0.205,0.17,7.5,4.36,5.35,0.352,0.595,0.5
Luis F. Castillo,SEA,2025,30,2,2,7.0,6.43,9.0,0.122,0.171,7.71,4.71,6.69,0.414,0.632,0.0
Scott Effross,NYY,2025,31,11,0,10.2,5.06,2.53,0.11800000000000001,0.059000000000000004,8.44,4.07,4.44,0.366,0.511,0.84
Connor Gillispie,MIA,2025,27,6,6,26.0,7.96,3.81,0.187,0.08900000000000001,8.65,5.75,5.06,0.317,0.506,2.08
Jacob Barnes,TOR,2025,35,6,0,8.0,5.63,3.38,0.139,0.083,9.0,4.64,4.94,0.333,0.345,1.13
Gerson Garabito,TEX,2025,29,3,0,8.0,9.0,1.13,0.195,0.024,9.0,3.89,3.42,0.483,0.361,1.13
Owen White,CHW,2025,25,3,0,7.0,7.71,3.86,0.171,0.086,9.0,4.56,4.03,0.52,0.6409999999999999,1.29
Carson Ragsdale,BAL,2025,27,2,0,5.0,7.2,1.8,0.16,0.04,14.4,4.74,5.22,0.474,0.313,1.8
Logan Evans,SEA,2025,24,16,15,81.1,6.53,3.43,0.16899999999999998,0.08900000000000001,4.32,5.05,4.87,0.284,0.7290000000000001,1.44
Chase Shugart,PIT,2025,28,35,0,45.0,6.2,3.4,0.171,0.094,3.4,4.69,5.08,0.214,0.775,1.2
Chase Lee,DET,2025,26,32,0,37.1,8.68,2.17,0.243,0.061,4.1,4.53,3.87,0.266,0.7829999999999999,1.69
Kirby Yates,LAD,2025,38,50,0,41.1,11.32,3.7,0.292,0.096,5.23,4.76,3.9,0.293,0.691,1.96
Casey Legumina,SEA,2025,28,48,1,49.2,9.97,4.53,0.251,0.114,5.62,4.38,4.38,0.308,0.5920000000000001,1.27
Antonio Senzatela,COL,2025,30,30,23,130.0,5.05,3.25,0.11800000000000001,0.076,6.65,5.48,5.19,0.363,0.6659999999999999,1.52
Landon Knack,LAD,2025,27,10,7,42.1,8.93,4.04,0.22699999999999998,0.10300000000000001,4.89,5.71,4.61,0.268,0.7659999999999999,2.13
Tony Gonsolin,LAD,2025,31,7,7,36.0,9.5,4.5,0.242,0.115,5.0,6.02,4.57,0.27,0.797,2.25
Hector Neris,- - -,2025,36,35,0,26.2,11.81,5.4,0.282,0.129,6.75,5.35,4.5,0.348,0.5589999999999999,2.03
Jose Castillo,- - -,2025,29,29,0,32.0,8.44,3.94,0.201,0.094,3.94,4.57,4.06,0.371,0.763,1.13
David Robertson,PHI,2025,40,20,0,17.2,11.21,4.08,0.282,0.10300000000000001,4.08,4.95,3.49,0.318,0.833,2.04
Michael Tonkin,MIN,2025,35,21,0,24.0,7.13,3.0,0.184,0.078,4.88,4.8,5.1,0.25,0.6940000000000001,1.13
Shawn Dubin,- - -,2025,29,30,0,33.2,7.49,2.94,0.193,0.076,5.08,4.95,4.23,0.316,0.745,1.6
Joe Ross,PHI,2025,32,37,1,51.0,6.88,3.18,0.171,0.079,5.12,4.88,4.65,0.306,0.7190000000000001,1.41
Blake Treinen,LAD,2025,37,32,0,26.2,12.15,6.41,0.27899999999999997,0.147,5.4,4.75,4.82,0.382,0.727,1.35
Matt Sauer,LAD,2025,26,10,1,29.2,7.28,2.43,0.18600000000000003,0.062,6.37,5.16,4.24,0.326,0.601,1.82
Roki Sasaki,LAD,2025,23,10,8,36.1,6.94,5.45,0.174,0.13699999999999998,4.46,5.8,5.53,0.235,0.794,1.49
Hunter Stratton,- - -,2025,28,15,0,19.0,7.58,3.32,0.18,0.079,5.21,5.08,5.3,0.333,0.7290000000000001,1.42
Spencer Arrighetti,HOU,2025,25,7,7,35.1,7.9,5.09,0.19899999999999998,0.128,5.35,5.54,5.03,0.25,0.7170000000000001,1.53
Julian Fernandez,- - -,2025,29,4,0,5.0,9.0,3.6,0.25,0.1,5.4,7.54,3.88,0.091,0.909,3.6
Brandon Young,BAL,2025,26,12,12,57.2,7.34,3.43,0.184,0.086,6.24,5.35,4.52,0.314,0.6509999999999999,1.87
Sam Moll,CIN,2025,33,23,0,18.1,10.8,4.91,0.272,0.12300000000000001,6.38,5.21,4.14,0.267,0.49,1.96
Wade Miley,CIN,2025,38,3,2,12.0,5.25,4.5,0.127,0.109,6.75,6.97,5.65,0.316,0.73,2.25
Spencer Turnbull,TOR,2025,32,3,1,6.1,5.68,5.68,0.121,0.121,7.11,5.82,5.96,0.458,0.753,1.42
Ryan Johnson,LAA,2025,22,14,0,14.2,9.82,3.07,0.222,0.069,7.36,5.52,3.97,0.426,0.598,2.45
Sean Hjelle,SFG,2025,28,12,1,15.0,6.6,5.4,0.151,0.12300000000000001,7.8,5.2,5.01,0.373,0.625,1.2
Chris Roycroft,STL,2025,28,20,0,20.2,6.53,5.23,0.149,0.11900000000000001,7.84,4.83,5.36,0.338,0.49700000000000005,0.87
Mason Thompson,WSN,2025,27,14,0,10.2,9.28,10.13,0.183,0.2,11.81,5.67,6.33,0.417,0.451,0.84
Randy Dobnak,MIN,2025,30,1,0,5.1,1.69,3.38,0.053,0.105,1.69,6.32,5.33,0.067,1.0,1.69
Erasmo Ramirez,MIN,2025,35,9,0,11.0,4.09,1.64,0.11900000000000001,0.048,2.45,5.14,4.87,0.242,0.87,1.64
Robert Gasser,MIL,2025,26,2,2,5.2,7.94,6.35,0.172,0.138,3.18,6.84,7.0,0.235,0.521,1.59
Brandon Waddell,NYM,2025,31,11,1,31.1,6.32,3.16,0.16399999999999998,0.08199999999999999,3.45,4.54,4.95,0.26,0.8190000000000001,1.15
Daniel Robert,PHI,2025,30,15,0,13.0,10.38,6.92,0.254,0.16899999999999998,4.15,5.14,4.91,0.281,0.769,1.38
Ben Bowden,ATH,2025,30,11,0,10.2,5.91,4.22,0.149,0.106,4.22,5.67,5.83,0.212,0.7140000000000001,1.69
Dillon Tate,TOR,2025,31,6,0,6.1,11.37,8.53,0.235,0.17600000000000002,4.26,5.98,5.87,0.389,0.882,1.42
Zach Maxwell,CIN,2025,24,8,0,10.0,11.7,3.6,0.302,0.09300000000000001,4.5,5.64,3.12,0.304,0.9179999999999999,2.7
Jose Urena,- - -,2025,33,19,6,55.0,5.56,3.76,0.139,0.094,4.58,5.21,5.45,0.277,0.752,1.31
Bryan Hudson,- - -,2025,28,16,0,15.0,11.4,7.8,0.253,0.17300000000000001,4.8,5.34,5.14,0.333,0.735,1.2
Jake Eder,LAA,2025,26,8,0,18.1,7.36,4.42,0.192,0.115,4.91,5.26,5.41,0.24,0.721,1.47
Logan VanWey,HOU,2025,26,9,0,10.2,5.91,2.53,0.14300000000000002,0.061,5.06,5.39,4.83,0.361,0.741,1.69
Reynaldo Lopez,ATL,2025,31,1,1,5.0,1.8,3.6,0.04,0.08,5.4,6.54,5.79,0.381,0.833,1.8
Seth Martinez,MIA,2025,30,6,0,6.2,5.4,4.05,0.14800000000000002,0.111,5.4,7.19,6.29,0.111,0.7140000000000001,2.7
Roansy Contreras,- - -,2025,25,5,0,12.2,4.26,1.42,0.11800000000000001,0.039,5.68,5.98,5.58,0.231,0.648,2.13
Julian Merryweather,CHC,2025,33,21,0,18.2,7.23,5.3,0.17,0.125,5.79,4.69,4.62,0.35,0.6729999999999999,0.96
Scott McGough,- - -,2025,35,13,0,16.0,9.0,3.94,0.213,0.09300000000000001,6.75,5.89,5.24,0.298,0.6859999999999999,2.25
Luis Contreras,HOU,2025,29,9,0,12.0,9.75,6.0,0.24100000000000002,0.14800000000000002,6.75,5.14,5.41,0.29,0.617,1.5
Joel Payamps,- - -,2025,31,30,0,26.1,8.2,3.08,0.205,0.077,6.84,4.54,4.91,0.346,0.604,1.37
T.J. McFarland,ATH,2025,36,27,0,15.2,4.02,1.72,0.095,0.040999999999999995,6.89,4.67,4.39,0.393,0.662,1.15
Dane Dunning,- - -,2025,30,12,0,20.2,9.15,3.05,0.221,0.07400000000000001,6.97,5.07,4.34,0.333,0.599,1.74
Tayler Saucedo,SEA,2025,32,10,0,13.1,8.1,4.05,0.182,0.091,7.43,4.86,4.3,0.378,0.603,1.35
Miguel Castro,CHW,2025,30,6,0,6.0,6.0,7.5,0.14300000000000002,0.179,7.5,6.97,6.86,0.235,0.625,1.5
Chris Stratton,- - -,2025,34,15,0,21.0,9.43,4.29,0.212,0.096,7.71,4.94,4.3,0.412,0.604,1.71
Penn Murfee,CHW,2025,31,15,0,12.2,9.24,3.55,0.20600000000000002,0.079,7.82,5.58,4.94,0.39,0.6729999999999999,2.13
Kenta Maeda,DET,2025,37,7,0,8.0,9.0,6.75,0.18600000000000003,0.14,7.88,6.14,6.24,0.32,0.602,1.13
Mike Clevinger,CHW,2025,34,8,0,5.2,4.76,12.71,0.09699999999999999,0.258,7.94,6.31,8.22,0.25,0.615,0.0
Lazaro Estrada,TOR,2025,26,2,0,7.1,12.27,1.23,0.28600000000000003,0.028999999999999998,8.59,5.18,3.53,0.4,0.588,2.45
Allan Winans,NYY,2025,29,3,1,9.1,5.79,2.89,0.13,0.065,8.68,6.24,5.6,0.333,0.461,1.93
Andry Lara,WSN,2025,22,9,0,14.1,6.28,5.02,0.128,0.10300000000000001,8.79,5.44,5.02,0.439,0.633,1.26
Triston McKenzie,CLE,2025,27,4,0,5.2,6.35,11.12,0.133,0.233,11.12,7.72,7.61,0.333,0.556,1.59
Luarbert Arias,MIA,2025,24,7,0,10.1,8.71,4.35,0.182,0.091,11.32,5.75,5.47,0.417,0.519,1.74
Ian Anderson,LAA,2025,27,7,0,9.1,7.71,6.75,0.157,0.13699999999999998,11.57,6.46,5.82,0.441,0.519,1.93
Bobby Miller,LAD,2025,26,2,1,5.0,12.6,3.6,0.25,0.071,12.6,7.34,4.29,0.563,0.625,3.6
Jonah Bride,MIN,2025,29,4,0,6.0,3.0,4.5,0.054000000000000006,0.081,15.0,7.14,9.08,0.448,0.511,1.5
Enrique Hernandez,LAD,2025,33,5,0,5.1,1.69,13.5,0.027000000000000003,0.21600000000000003,15.19,9.7,10.15,0.37,0.455,1.69
Daniel Lynch IV,KCR,2025,28,57,2,67.2,5.99,3.46,0.156,0.09,3.06,4.76,4.82,0.284,0.853,1.06
Tyler Holton,DET,2025,29,70,6,78.2,7.32,1.94,0.205,0.054000000000000006,3.66,4.64,3.57,0.231,0.787,1.72
Michael Kelly,ATH,2025,32,42,0,39.2,6.58,4.31,0.175,0.114,3.18,4.82,5.13,0.241,0.778,1.13
Erick Fedde,- - -,2025,32,32,24,141.0,5.3,4.28,0.133,0.10800000000000001,5.49,5.2,5.43,0.284,0.667,1.21
Chris Murphy,BOS,2025,27,23,0,34.2,7.79,5.19,0.203,0.135,3.12,5.07,4.86,0.191,0.8420000000000001,1.04
Kyle Hart,SDP,2025,32,20,6,43.0,7.74,2.72,0.207,0.073,5.86,5.18,4.93,0.246,0.619,1.88
Luis Mey,CIN,2025,24,23,0,21.0,9.0,7.29,0.21899999999999997,0.177,3.43,5.56,4.88,0.259,0.877,1.29
Luke Jackson,- - -,2025,33,52,0,51.0,6.71,4.94,0.174,0.128,4.06,4.49,4.92,0.253,0.633,0.71
Jackson Kowar,SEA,2025,28,15,0,17.0,7.94,3.71,0.21100000000000002,0.099,4.24,5.84,5.23,0.227,0.8540000000000001,2.12
Lance McCullers Jr.,HOU,2025,31,16,13,55.1,9.92,6.34,0.223,0.142,6.51,5.77,5.12,0.325,0.667,1.63
Carlos Carrasco,- - -,2025,38,11,9,45.2,6.7,3.35,0.16,0.08,7.09,5.61,4.99,0.338,0.6559999999999999,1.97
Tommy Kahnle,DET,2025,35,66,0,63.0,7.14,4.43,0.187,0.11599999999999999,4.43,4.72,4.66,0.243,0.71,1.14
Valente Bellozo,MIA,2025,25,32,6,81.1,5.98,2.55,0.155,0.066,4.65,5.2,5.34,0.278,0.747,1.66
Max Lazar,PHI,2025,26,36,0,41.1,5.66,2.61,0.153,0.071,4.79,4.95,4.58,0.272,0.6940000000000001,1.52
Gregory Santos,SEA,2025,25,8,0,7.0,0.0,10.29,0.0,0.222,5.14,6.56,7.89,0.286,0.625,0.0
Corbin Martin,BAL,2025,29,17,0,18.0,11.5,4.5,0.258,0.10099999999999999,6.0,5.3,3.78,0.353,0.657,2.0
Ethan Roberts,CHC,2025,27,10,0,9.0,6.0,2.0,0.154,0.051,6.0,7.14,5.2,0.259,0.795,3.0
Andrew Hoffmann,- - -,2025,25,11,0,12.0,9.0,7.5,0.19699999999999998,0.16399999999999998,6.0,5.8,6.2,0.324,0.5660000000000001,1.5
Eduarniel Nunez,- - -,2025,26,10,0,12.2,7.82,7.82,0.183,0.183,7.11,6.77,6.66,0.333,0.7020000000000001,1.42
Kendall Graveman,ARI,2025,34,19,0,17.2,4.58,6.11,0.11,0.146,7.13,5.8,6.16,0.362,0.6629999999999999,1.02
John Brebbia,- - -,2025,35,22,0,23.1,10.03,4.63,0.226,0.10400000000000001,7.71,5.75,5.34,0.338,0.568,1.93
Jose Ruiz,- - -,2025,30,18,0,16.1,8.27,4.96,0.19,0.114,8.82,5.34,4.65,0.385,0.54,1.65
Colin Poche,- - -,2025,31,14,0,9.1,10.61,13.5,0.212,0.26899999999999996,12.54,6.67,7.43,0.423,0.488,0.96
Erik Swanson,TOR,2025,31,6,0,5.1,5.06,8.44,0.1,0.16699999999999998,15.19,10.26,9.14,0.316,0.446,3.38
Hunter Bigge,TBR,2025,27,13,0,15.0,7.2,3.0,0.2,0.083,2.4,6.2,4.59,0.184,1.0,2.4
Dan Altavilla,CHW,2025,32,28,0,29.0,6.52,4.66,0.175,0.125,2.48,5.45,4.93,0.197,0.895,1.24
Logan Gillaspie,SDP,2025,28,3,0,7.0,5.14,5.14,0.129,0.129,2.57,5.99,5.46,0.286,0.943,1.29
Tommy Henry,ARI,2025,27,2,0,6.2,10.8,1.35,0.308,0.038,4.05,7.49,2.56,0.231,1.0,4.05
Paul Gervase,- - -,2025,25,6,0,8.1,8.64,6.48,0.205,0.154,4.32,8.06,6.34,0.227,1.0,3.24
Anthony Veneziano,- - -,2025,27,26,1,25.0,9.0,3.96,0.214,0.094,4.68,4.78,4.18,0.32,0.7909999999999999,1.44
Rich Hill,KCR,2025,45,2,2,9.0,4.0,8.0,0.09300000000000001,0.18600000000000003,5.0,7.8,6.8,0.241,0.7040000000000001,2.0
Nick Hernandez,HOU,2025,30,10,0,10.2,9.28,6.75,0.212,0.154,5.06,6.98,6.36,0.3,0.8859999999999999,2.53
Jesse Hahn,SEA,2025,35,3,0,5.0,5.4,9.0,0.12,0.2,5.4,8.14,5.84,0.333,0.755,1.8
Payton Tolle,BOS,2025,22,7,3,16.1,10.47,4.41,0.257,0.10800000000000001,6.06,6.26,3.98,0.31,0.737,2.76
Craig Yoho,MIL,2025,25,8,0,8.2,7.27,9.35,0.171,0.22,7.27,6.48,6.76,0.304,0.6629999999999999,1.04
Bruce Zimmermann,MIL,2025,30,1,1,6.0,1.5,3.0,0.036000000000000004,0.071,7.5,8.14,6.11,0.217,0.484,3.0
Cam Sanders,PIT,2025,28,6,0,6.2,5.4,6.75,0.11800000000000001,0.147,8.1,8.09,7.19,0.304,0.7140000000000001,2.7
Cionel Perez,BAL,2025,29,19,0,21.2,8.72,7.48,0.191,0.16399999999999998,8.31,5.77,5.18,0.379,0.594,1.25
Nate Pearson,CHC,2025,28,11,0,14.2,4.3,6.14,0.09300000000000001,0.133,9.2,6.2,7.27,0.364,0.596,1.23
Tyler Zuber,- - -,2025,30,10,0,12.0,10.5,4.5,0.237,0.102,11.25,5.55,4.36,0.389,0.426,2.25
Wander Suero,ATL,2025,33,5,0,6.1,9.95,5.68,0.21899999999999997,0.125,11.37,8.98,5.98,0.389,0.612,4.26
Anthony Maldonado,ATH,2025,27,6,0,6.0,10.5,7.5,0.212,0.152,12.0,9.8,5.87,0.389,0.648,4.5
Troy Taylor,SEA,2025,23,8,0,6.2,2.7,4.05,0.054000000000000006,0.081,12.15,8.24,7.8,0.414,0.5920000000000001,2.7
Miguel Rojas,LAD,2025,36,4,0,5.0,0.0,3.6,0.0,0.071,12.6,12.74,8.02,0.364,0.7140000000000001,5.4
Forrest Whitley,- - -,2025,27,10,0,12.0,9.0,6.0,0.182,0.121,13.5,6.64,6.08,0.381,0.336,2.25
Connor Thomas,MIL,2025,27,2,0,5.1,8.44,3.38,0.161,0.065,20.25,10.26,4.97,0.45,0.278,5.06
Walker Buehler,- - -,2025,30,26,24,126.0,6.57,4.36,0.163,0.10800000000000001,4.93,5.66,5.09,0.285,0.754,1.57
Zach Eflin,BAL,2025,31,14,14,71.1,6.31,1.64,0.162,0.042,5.93,5.64,4.37,0.31,0.7070000000000001,2.27
Chris Flexen,CHC,2025,30,21,1,43.2,4.53,2.47,0.124,0.067,3.09,5.04,5.11,0.226,0.7959999999999999,1.44
Andrew Heaney,- - -,2025,34,27,23,122.1,6.33,2.94,0.16,0.075,5.52,5.59,4.93,0.277,0.706,1.84
Yuki Matsui,SDP,2025,29,61,0,63.1,8.67,4.69,0.22399999999999998,0.121,3.98,4.87,4.94,0.257,0.795,1.42
Connor Brogdon,LAA,2025,30,43,0,47.0,9.38,3.45,0.24600000000000002,0.09,5.55,5.24,4.43,0.281,0.672,2.11
Ryan Pressly,CHC,2025,36,44,0,41.1,6.1,3.7,0.154,0.09300000000000001,4.35,5.05,4.54,0.31,0.7240000000000001,1.31
Trent Thornton,SEA,2025,31,33,0,42.1,6.8,2.98,0.17800000000000002,0.078,4.68,4.74,4.76,0.282,0.711,1.28
Kaleb Ort,HOU,2025,33,49,0,46.0,9.59,5.28,0.253,0.139,4.89,5.03,4.64,0.245,0.7090000000000001,1.57
Richard Fitts,BOS,2025,25,11,10,45.0,8.0,3.2,0.205,0.08199999999999999,5.0,5.8,4.27,0.256,0.7509999999999999,2.2
Thomas Hatch,- - -,2025,30,12,1,34.0,5.82,4.5,0.145,0.11199999999999999,5.82,6.02,5.29,0.311,0.72,1.85
Cole Henry,WSN,2025,25,57,0,52.2,8.89,5.47,0.21600000000000003,0.133,4.27,5.34,5.66,0.259,0.774,1.2
Seth Halvorsen,COL,2025,25,42,0,39.2,8.17,4.76,0.20800000000000002,0.121,4.99,5.2,4.31,0.312,0.69,1.59
Juan Burgos,- - -,2025,25,13,0,13.1,9.45,5.4,0.215,0.12300000000000001,6.08,5.01,4.79,0.375,0.69,1.35
Travis Adams,MIN,2025,25,18,2,33.2,8.29,4.54,0.196,0.10800000000000001,7.49,5.39,5.14,0.327,0.593,1.6
Blade Tidwell,NYM,2025,24,4,2,15.0,6.0,6.0,0.128,0.128,9.0,7.47,6.57,0.358,0.669,2.4
Sean Reynolds,SDP,2025,27,19,1,27.0,8.33,5.67,0.214,0.145,5.33,5.43,5.22,0.235,0.698,1.33
Garrett McDaniels,LAA,2025,25,10,0,10.2,5.06,6.75,0.12,0.16,5.91,6.98,5.26,0.333,0.7290000000000001,1.69
Jose Leclerc,ATH,2025,31,10,0,9.0,8.0,5.0,0.174,0.109,6.0,7.36,5.42,0.333,0.87,3.0
Orlando Ribalta,WSN,2025,27,22,0,24.1,9.25,6.29,0.20800000000000002,0.142,7.03,6.51,5.64,0.31,0.718,2.22
Sawyer Gipson-Long,DET,2025,27,8,3,31.1,7.47,1.72,0.195,0.045,7.18,5.56,4.11,0.286,0.519,2.3
McCade Brown,COL,2025,24,7,7,25.2,8.06,5.96,0.183,0.135,7.36,6.95,6.14,0.32,0.711,2.1
Victor Mederos,LAA,2025,24,5,3,17.0,7.41,6.35,0.17300000000000001,0.14800000000000002,7.41,7.19,6.4,0.292,0.693,2.12
Ryan Fernandez,STL,2025,27,32,0,30.1,10.09,4.75,0.243,0.114,7.71,5.15,4.51,0.361,0.516,1.78
Sam Aldegheri,LAA,2025,23,4,2,13.2,7.9,6.59,0.16399999999999998,0.13699999999999998,7.9,7.31,6.71,0.386,0.6709999999999999,1.98
Tanner Houck,BOS,2025,29,9,9,43.2,6.6,3.5,0.158,0.084,8.04,6.16,4.73,0.338,0.585,2.06
Roddery Munoz,STL,2025,25,9,0,11.0,11.45,7.36,0.275,0.17600000000000002,8.18,7.77,4.73,0.208,0.645,3.27
Richard Lovelady,- - -,2025,29,10,0,11.2,9.26,4.63,0.21100000000000002,0.105,8.49,6.99,4.97,0.281,0.562,2.31
Jesse Chavez,ATL,2025,41,4,0,8.0,9.0,5.63,0.18600000000000003,0.11599999999999999,9.0,9.51,6.09,0.385,0.821,4.5
Zach Brzykcy,WSN,2025,25,26,0,23.0,9.39,4.7,0.218,0.109,9.0,6.27,5.29,0.333,0.565,2.35
Joey Estes,ATH,2025,23,3,2,11.0,4.91,4.91,0.109,0.109,9.82,8.68,7.46,0.316,0.632,3.27
Eli Morgan,CHC,2025,29,7,0,7.1,4.91,3.68,0.114,0.086,12.27,8.59,6.0,0.36,0.46299999999999997,3.68
Michel Otanez,ATH,2025,27,6,0,5.1,10.13,8.44,0.214,0.179,13.5,9.14,6.57,0.357,0.49,3.38
Tom Harrington,PIT,2025,23,3,1,8.2,7.27,7.27,0.14,0.14,15.58,8.44,6.61,0.455,0.48100000000000004,3.12
Javier Sanoja,MIA,2025,22,8,0,9.1,0.96,4.82,0.019,0.09300000000000001,16.39,10.1,8.49,0.455,0.513,3.86
Chase Petty,CIN,2025,22,3,2,6.0,10.5,12.0,0.175,0.2,19.5,11.8,7.61,0.524,0.479,4.5
Jeff Hoffman,TOR,2025,32,71,0,68.0,11.12,3.57,0.293,0.094,4.37,4.9,3.73,0.248,0.797,1.99
Jake Irvin,WSN,2025,28,33,33,180.0,6.2,3.1,0.158,0.079,5.7,5.64,4.82,0.282,0.682,1.9
Tim Herrin,CLE,2025,28,54,0,42.2,9.49,6.33,0.23199999999999998,0.155,4.85,5.08,5.22,0.296,0.758,1.05
Daysbel Hernandez,ATL,2025,28,39,0,37.0,8.03,7.3,0.201,0.183,3.41,5.0,5.65,0.25,0.785,0.73
Josh Simpson,MIA,2025,27,31,0,30.2,10.57,6.46,0.23800000000000002,0.146,7.34,5.35,4.44,0.341,0.596,1.47
John King,STL,2025,30,51,0,48.1,5.21,2.61,0.126,0.063,4.66,5.0,4.06,0.331,0.723,1.49
Carson Whisenhunt,SFG,2025,24,5,5,23.1,6.17,4.63,0.157,0.11800000000000001,5.01,6.91,5.48,0.242,0.797,2.31
Sam Long,KCR,2025,29,39,0,40.1,7.36,4.91,0.175,0.11599999999999999,5.36,5.54,5.12,0.328,0.659,1.56
Jordan Romano,PHI,2025,32,49,0,42.2,9.91,3.59,0.251,0.091,8.23,5.39,4.33,0.318,0.49,2.11
Alek Jacob,SDP,2025,27,29,0,33.1,6.21,3.78,0.15,0.092,5.13,5.9,5.78,0.288,0.7559999999999999,1.62
Gunnar Hoglund,ATH,2025,25,6,6,32.1,6.4,3.06,0.165,0.079,6.4,6.75,4.78,0.295,0.743,2.78
Zach Agnos,COL,2025,24,30,0,31.1,5.46,4.88,0.138,0.12300000000000001,6.61,5.62,5.67,0.268,0.561,1.44
Jon Gray,TEX,2025,33,6,0,14.0,7.71,3.86,0.19,0.095,7.71,7.35,5.79,0.25,0.643,3.21
Ryan Loutos,- - -,2025,26,12,0,12.0,6.0,6.0,0.11800000000000001,0.11800000000000001,12.75,8.64,6.36,0.348,0.369,3.0
Caden Dana,LAA,2025,21,7,5,32.1,9.19,5.01,0.23399999999999999,0.128,6.4,6.48,4.48,0.263,0.687,2.51
Austin Gomber,COL,2025,31,12,12,57.2,5.31,2.65,0.125,0.063,7.49,6.5,5.67,0.324,0.631,2.5
Joe La Sorsa,CIN,2025,27,5,0,6.2,2.7,2.7,0.061,0.061,10.8,11.24,6.67,0.36,0.638,5.4
Zach Pop,- - -,2025,28,5,0,6.2,4.05,2.7,0.077,0.051,14.85,11.39,4.74,0.379,0.484,5.4
Chayce McDermott,BAL,2025,26,4,1,8.2,9.35,12.46,0.17600000000000002,0.235,15.58,10.06,7.87,0.346,0.48100000000000004,3.12
Keegan Akin,BAL,2025,30,64,3,63.1,8.38,4.69,0.22,0.12300000000000001,3.41,4.94,4.66,0.267,0.8109999999999999,1.42
Jackson Rutledge,WSN,2025,26,63,0,73.1,7.98,2.95,0.19699999999999998,0.073,5.77,5.47,4.69,0.326,0.722,1.96
Jose Fermin,LAA,2025,23,40,0,34.1,10.22,6.03,0.257,0.151,4.46,5.99,5.16,0.21,0.741,2.1
Scott Blewett,- - -,2025,29,26,2,44.1,7.11,3.65,0.18,0.09300000000000001,5.48,5.48,4.58,0.275,0.6809999999999999,1.83
Konnor Pilkington,WSN,2025,27,32,0,28.1,10.8,5.4,0.276,0.138,4.45,5.96,4.65,0.238,0.8009999999999999,2.22
Kevin Kelly,TBR,2025,27,41,0,39.2,7.94,2.04,0.205,0.053,5.9,5.66,3.84,0.293,0.648,2.5
Beau Brieske,DET,2025,27,22,1,22.0,6.55,4.91,0.155,0.11699999999999999,6.55,6.27,5.63,0.271,0.552,2.05
Shinnosuke Ogasawara,WSN,2025,27,23,2,38.2,6.98,3.96,0.17300000000000001,0.098,6.98,6.16,5.17,0.298,0.655,2.09
Shaun Anderson,LAA,2025,30,7,0,11.1,8.74,2.38,0.196,0.054000000000000006,10.32,8.87,4.57,0.389,0.685,4.76
Lucas Sims,WSN,2025,31,18,0,12.1,9.49,10.22,0.18100000000000002,0.19399999999999998,13.86,8.24,7.76,0.333,0.49700000000000005,1.46
Jonathan Loaisiga,NYY,2025,30,30,0,29.2,7.58,3.03,0.185,0.07400000000000001,4.25,5.83,4.17,0.3,0.86,2.12
Jorge Alcala,- - -,2025,29,56,0,55.0,9.98,4.91,0.237,0.11699999999999999,6.22,5.68,4.82,0.349,0.6729999999999999,2.13
Bryse Wilson,CHW,2025,27,20,5,47.1,5.32,3.61,0.125,0.085,6.65,6.3,5.53,0.341,0.7020000000000001,2.09
Colin Holderman,PIT,2025,29,24,0,25.2,6.31,5.61,0.14400000000000002,0.128,7.01,5.86,5.34,0.353,0.6679999999999999,1.4
Eduardo Salazar,WSN,2025,27,30,0,29.0,7.14,4.97,0.153,0.107,8.38,6.45,5.01,0.388,0.6459999999999999,2.17
Elvin Rodriguez,- - -,2025,27,7,2,19.2,8.24,3.2,0.2,0.078,9.15,8.47,5.66,0.309,0.654,4.12
Didier Fuentes,ATL,2025,20,4,4,13.0,8.31,4.15,0.174,0.087,13.85,9.14,5.74,0.395,0.48700000000000004,4.15
Joe Mantiply,ARI,2025,34,10,0,9.2,7.45,2.79,0.138,0.052000000000000005,15.83,9.45,5.43,0.512,0.565,4.66
Ryan Zeferjahn,LAA,2025,27,62,1,57.0,11.53,5.53,0.284,0.136,4.74,5.36,4.3,0.278,0.8009999999999999,1.89
Carlos Vargas,SEA,2025,25,70,0,77.0,6.31,2.69,0.163,0.069,3.97,4.59,4.24,0.3,0.742,1.17
Jack Kochanowicz,LAA,2025,24,23,23,111.0,5.84,4.7,0.141,0.113,6.81,6.05,5.18,0.325,0.653,1.7
Cam Booser,CHW,2025,33,39,0,31.0,10.16,5.52,0.245,0.133,5.52,6.26,5.3,0.253,0.7140000000000001,2.32
Osvaldo Bido,ATH,2025,29,26,10,79.2,7.68,3.95,0.187,0.096,5.87,6.07,5.47,0.315,0.726,2.15
Porter Hodge,CHC,2025,24,36,0,33.0,10.91,4.91,0.272,0.122,6.27,5.89,4.03,0.313,0.711,2.45
Carson Seymour,SFG,2025,26,16,3,36.0,6.5,3.25,0.16699999999999998,0.083,4.75,6.11,4.44,0.262,0.7809999999999999,2.25
Scott Alexander,- - -,2025,35,21,0,17.2,4.08,4.58,0.099,0.111,6.11,7.61,5.67,0.31,0.8079999999999999,2.55
Anthony Molina,COL,2025,23,17,1,34.2,6.23,1.56,0.15,0.038,7.27,6.94,4.58,0.345,0.6940000000000001,3.12
Tayler Scott,- - -,2025,33,24,0,27.1,7.9,5.93,0.179,0.134,7.9,6.32,5.44,0.329,0.628,1.98
Alexis Diaz,- - -,2025,28,18,0,17.2,8.66,6.11,0.2,0.141,8.15,8.51,6.28,0.2,0.636,3.06
Austin Cox,ATL,2025,28,13,1,21.1,9.28,2.95,0.21600000000000003,0.069,8.86,7.54,4.01,0.328,0.6559999999999999,3.8
Carson Palmquist,COL,2025,24,9,7,34.1,7.08,6.55,0.154,0.14300000000000002,8.91,7.8,6.57,0.318,0.644,2.62
Kyle Gibson,BAL,2025,37,4,4,12.1,7.3,5.11,0.13699999999999998,0.096,16.78,10.59,5.72,0.449,0.496,5.11
George Soriano,MIA,2025,26,24,0,36.2,8.84,4.66,0.20800000000000002,0.11,8.35,6.44,4.36,0.34,0.585,2.45
Anthony DeSclafani,ARI,2025,35,13,4,38.2,8.38,2.79,0.213,0.071,5.12,6.29,4.59,0.248,0.8029999999999999,2.56
Ryan Rolison,COL,2025,27,31,1,42.1,5.31,4.25,0.13,0.10400000000000001,7.02,6.75,5.12,0.321,0.6709999999999999,2.34
Angel Chivilli,COL,2025,22,43,0,58.2,6.6,3.53,0.156,0.084,7.06,6.03,4.86,0.332,0.645,1.99
Luis Peralta,COL,2025,24,22,0,19.0,7.58,8.53,0.158,0.17800000000000002,9.47,8.71,6.88,0.339,0.638,2.84
Noah Davis,- - -,2025,28,9,0,11.0,12.27,4.91,0.231,0.092,18.0,12.23,5.64,0.5,0.43700000000000006,5.73
Bowden Francis,TOR,2025,29,14,14,64.0,7.59,3.8,0.188,0.094,6.05,6.85,5.21,0.286,0.7490000000000001,2.67
Chad Green,TOR,2025,34,45,0,43.2,7.21,2.68,0.184,0.068,5.56,6.73,5.0,0.294,0.8190000000000001,2.89
Nestor Cortes,- - -,2025,30,8,8,34.1,7.6,5.24,0.185,0.127,6.29,8.29,5.75,0.247,0.8540000000000001,3.41
Genesis Cabrera,- - -,2025,28,40,0,42.2,7.38,3.8,0.187,0.096,6.54,6.56,5.14,0.283,0.691,2.53
Bradley Blalock,COL,2025,24,14,12,58.2,4.14,3.53,0.098,0.084,9.36,7.31,5.67,0.332,0.573,2.61
